machine_downtime,demand_volatility,material_delay,sales_order_quantity,production_schedule_stability,production_volume,factory_issues,vehicle_fill_rate,delivery_to_distributor
1.5132064840107369,0.13464058882936009,1.9232953721878912,316.36527893916025,98.01754358879455,951.1136593636073,0.0,0.9749661264408085,2.890881343405556
5.841482613709335,0.818266292943946,1.6939495548693517,149.4443068570182,58.10543716047503,755.3567660540978,31.920913447603812,0.7803825678662373,4.384306460322208
2.5893507020133084,0.3438379788589256,0.7932630051242341,276.84159701023714,90.68920735631343,986.0865497967127,4.513622448896058,0.8968787973513327,1.2810607241635699
12.482481674518882,0.4060447586577436,1.107704388930426,504.7579302947437,48.168324151581515,916.0584242995453,34.271143466891075,0.9098385608901762,2.328467938060332
6.330217321288091,0.1188709946555524,0.8246920239325256,160.3070169034031,73.05239484408148,1057.4920071977278,17.06864338498617,0.9258526584872093,2.582543433173593
1.3812223567754063,0.11121220375108064,3.2154438295608294,449.3899546901806,90.60246888023502,899.1026282855406,1.4601505422460903,0.8278743230721843,1.6620904410095036
0.4149899790518192,0.6650545880626553,4.572262648709101,126.21207670146379,84.06957592608208,738.8393866726564,9.852782637264358,0.8128182181837621,0.5149614154365421
2.265629813396905,0.4332575636941507,4.795867582316185,500.2405381167712,77.55562658616985,713.1216454684215,18.95108699605422,0.6905154522341648,3.73926352857256
3.1544976243207157,0.4242027765348719,1.0127339555188337,281.5333574501502,73.96943459153161,854.995694867828,18.950974794672202,0.8122010805959798,3.4979813267454807
2.5095003622982306,0.6221597009576937,1.4487148417306668,638.3901449555987,70.81479466881333,839.1205548577774,23.50760028223752,0.8534239774330177,5.818137756746491
3.2131653536384395,0.5598566986394138,2.7454598992404993,95.17965017839619,69.85040628170638,855.7658891638769,20.188874507538266,0.8250329955395364,4.044714594783765
4.164173533621005,0.5831892032968348,1.4701013478874745,460.478637290724,69.98466039034257,871.3833565025466,20.694599567791226,0.8521610901395698,1.954299473977325
0.6316180045348437,0.380654883900131,5.516641247169568,354.36318777491573,90.92267088895133,751.7916138658348,0.8982521357551372,0.6925257635536656,1.8076371177801172
5.321672159511002,0.5406173330175634,3.6363204487394576,429.5742419253306,68.327288371392,797.9070558392079,14.503861486225004,0.6834829319198523,4.260940276712524
10.88200057679236,0.43785180470447327,7.097934313684492,315.8128355569792,48.67190168592739,715.4080271230316,46.95297130126549,0.7711290603157768,5.941941566863799
0.41973625335911724,0.5120851506400937,0.6873831238255805,238.76597776286954,79.8331847912624,1008.9560960721728,16.225009065882,0.9460737251077612,1.574805392884936
1.0115348390611527,0.06168640479633122,2.2909912872243448,281.0875727032379,87.02636473768929,926.0053536288485,15.997989478406708,0.9265541087176834,0.0
1.518597676899328,0.34184297301017663,1.888480782211755,165.76234112068033,81.77540080337754,935.3357563028796,9.9366305166081,0.9563712792042003,0.960727520735893
4.351138441140478,0.6605072754620508,3.011366820898381,83.44390521529992,58.499274853237715,703.4000388900266,39.343965497183774,0.7290403980052443,3.6275195103503073
6.538672704086684,0.22189309488954514,0.9086812962041475,334.35569846622286,73.846779863007,826.4524008816105,29.855747970900005,0.8196771467636159,2.512310321687723
0.6302274920189364,0.1889294351873189,3.509357744632969,524.4136295304205,89.28217032910914,785.2610647724991,4.368120882224824,0.830738660089455,2.589548164111853
10.70307462398408,0.4230968135715242,0.6874999858869008,561.4763922164217,50.214771045792105,949.1662403958056,40.04626236006325,0.7931964267758506,6.007736442797723
1.5936474367414077,0.6455469642993723,1.4895567795368434,284.8342272004331,73.77167263976962,787.0202394570343,7.482845388876584,0.7707305569429771,1.1778361552662662
0.536083850575928,0.02573139928612319,1.638711605460107,312.33207592838573,92.54798856945244,870.0888371769737,2.7354017506318895,0.8032393673200167,1.350961027713218
7.207243427279671,0.7130387541937914,4.784749471312354,289.2549873236752,56.40933176120451,750.5230325936727,30.25704875128227,0.7690971444449489,3.1707919645229277
10.67172903810485,0.5730546451379013,2.3370978537420544,267.05698279854874,49.120375968499935,825.8191462106905,38.53819102103026,0.8760891641045687,4.96198457139646
5.473818366460293,0.9001981107706852,1.2189694105944473,515.5151206110655,60.84534993075423,816.1190600250468,32.55023550836404,0.7884480315241703,6.072522533463925
2.4505881639400346,0.7881592327285548,0.6315669661831316,24.929232251701407,71.88115154530816,823.5504584677022,18.135154049963717,0.7600613871554036,1.929902197290558
0.929166043674386,0.3460824388784679,0.9901341477463117,183.6119343187404,73.68723854533626,956.0960496703658,21.47844054077233,0.8278985460376292,3.6313123321955705
4.6355381547717,0.24705665747389696,4.156518336940188,305.324914999121,76.2290735956294,818.0232225934191,16.223431691746235,0.7392646253178388,3.2734811750808133
1.47566421324241,0.4916301767809767,9.241270995408474,218.5938409561194,89.10469847564173,562.9688447129461,20.3463619602363,0.6389513992588459,2.0286301677747636
9.667727434114088,0.7091906945142196,1.1527105381957585,232.92660111690702,45.26459846336511,792.6836347233915,28.658883251119832,0.653477432097689,2.82161338046111
4.502392268747537,0.6584831682142378,2.649100503775191,468.11820917785127,66.88627618063202,725.8685860782889,20.743302948577245,0.7844409684347928,3.76369802813904
2.754870242353343,0.40286021050987064,0.39076467944563315,484.8889443899317,74.56371807620505,1025.0566054112169,18.703426224794914,0.9174454706120451,0.6459852325889925
2.655126151821204,0.517663898044086,1.5015363398785788,412.26348751297735,66.19179331154635,831.4202447191846,24.589360000739156,0.7844883253868449,3.0445223565655533
4.947955369126379,0.659513508304644,3.519795188422401,478.51734577364147,69.59168230452065,741.152320229573,6.8402518849101455,0.7442529553621762,3.0476461151773053
1.2405291070162572,0.034583597483912855,2.1486436770488178,82.41290651033728,93.96599054282134,877.3850087814693,0.0,0.8103528777963891,0.0
2.3498008256744893,0.5003525805108912,2.941613178860931,86.35927718040679,64.6688558487273,735.652291414509,28.282811490116437,0.8113192471382165,2.8691530318579535
6.465196574762602,0.8227233416906894,1.1305876867391742,489.06472974193093,53.746297444566565,765.0942518442416,34.42179997927963,0.6838960787579893,3.2076520784673477
6.811742975265545,0.7590888948978523,5.097281796172421,210.33215774475673,58.14347389336541,703.6875010604512,15.431084558297563,0.6277867354743496,3.0573842302412304
4.375979016337732,0.5896966310795712,1.285304215784316,471.83575654981667,70.16487969090952,744.4856944485581,18.21328881691133,0.7680293418286647,2.4266420649405687
3.270739041139863,0.8436458610785825,2.201679215344114,285.166729613528,56.960537255037444,851.7951958293795,31.88960492525515,0.7402595032091691,4.682161214344759
0.3483955920178249,0.26186681427265074,2.8852750051580323,219.50486374425688,90.76410699599275,761.534131212983,5.728755792604005,0.770511363664678,0.9032590498011093
14.77557572735607,0.4743763483810471,2.5206865828585565,700.5616165507288,39.510108028576916,720.8203443768831,39.86963510935028,0.7571073617510711,5.614694978096297
1.6820810192002118,0.11387437039630341,3.423779183902585,56.621204006064914,80.2332306129631,721.8678489182432,0.09194870831397317,0.6373283960691354,0.4620190512373412
5.584340896739093,0.11693364587135326,1.9739162139162376,441.03100480953134,73.99138891337431,905.2417247983468,10.223182536997825,0.8398142781887422,2.162300158179712
0.8162532488688239,0.7640161833775903,6.546966510987991,155.08141574249228,76.6106400333249,754.8655789240297,13.506602195759866,0.7890198382870959,1.379568691033049
3.8408046401898996,0.44353370816125937,3.044886696283831,276.29143798473825,77.1636969266059,872.3660365531605,23.35984681521135,0.7947799066271597,4.036603716888034
8.20025746095028,0.8391327236225156,2.7005251717141845,396.2412582255015,48.55894152105658,802.9854890589447,31.524153406240533,0.7299812973019426,4.9613172101313445
0.8856337731940727,0.7493622505480909,4.279509363011721,476.6790937340948,80.39583563268506,703.9549406180067,13.733440613070854,0.7881162547409446,2.9221337084266636
3.7153537792528835,0.5249615112876772,2.5534548696856763,179.60603588873298,70.75744251646879,866.9678986808902,14.674607908209477,0.764200442282097,1.2960060692458444
14.741856777339784,0.8425227465279765,1.0577173623313216,144.8012517524226,31.54485272128251,852.260130909656,47.775791150072536,0.8168594152311707,6.259945472111452
5.988795917095338,0.8241118112971434,3.2200286214950227,208.32790689081327,60.43481755838986,764.7932731414418,35.28586281291935,0.7972538384301827,5.104800368416938
4.645431219838888,0.4784535196927408,3.196015386359166,123.46547702857707,64.49809017572025,827.6405451831031,23.36750380964898,0.7429556566776675,3.187901515284369
2.3746733456047826,0.7032718366431082,0.7986164893714486,431.1351634894534,70.72515753664398,971.0618178003457,19.299031489224134,0.91240046761211,2.6402685612131163
0.5104690668245266,0.576043262237573,0.6383346542919905,51.45965843454741,73.4514062508981,964.8253253392086,25.096896767784536,0.836146237754189,0.8497011006741784
2.5175523394112593,0.16830065006937,1.2364628524589512,283.257658336693,75.75784140110402,1032.537499546533,11.029941555443363,0.9393801284186386,2.1162428459978444
1.6089526250769768,0.7133548270751447,3.594943421932141,324.2488053731134,69.13732459523305,756.0458722399605,21.59213311170985,0.7523192017441794,3.6328809529343533
8.466349622858253,0.7192135309829538,2.0573447515050587,769.9907839770356,47.934915948057146,887.860896966381,31.652831885229524,0.8943742882849988,3.7300095375150772
0.3954468996959414,0.8129989185867047,1.1390890441899508,290.81479385864884,73.12340001699336,885.9512042580133,24.262847638622546,0.8829475001711511,2.468000376621219
5.2839346301748735,0.42924051177589906,1.3215028452815076,329.3162434567166,71.05542874504457,814.0445079963287,18.344969433794567,0.8421279950038608,2.7422531491950126
2.5462681478081164,0.20513179295524625,6.5560562867791,328.0778294534451,81.86127074999571,664.7754724114214,19.226443663797575,0.6520683138095797,3.6981623483127346
6.959954001851237,0.8515380957179622,2.270269480693421,210.23834183258953,49.50203206263411,840.5888465958138,46.05588335885098,0.8145901883844185,3.6735870050039923
0.9513312974107897,0.49436574876535344,6.6500958539115445,76.62837758778393,80.911884119474,670.7470776959283,8.385054887970718,0.6674920248881735,0.6515732507566878
13.33988706707588,0.20856678680512106,5.173071138780086,174.39028738541666,45.052710547995765,830.1666365102419,46.092354621196066,0.9167137791261484,5.155085681246114
0.8698779714168049,0.4322821469576498,5.606653586125823,127.16467854586715,81.4257204427836,727.0737294886542,20.97862401505943,0.7253495173858684,4.486626652472207
2.4216182261019616,0.5760147784817614,0.2464288965766979,331.99300463659773,79.21031983328606,909.9237739819138,13.322512556690647,0.8404317570595831,4.255326244080082
7.374066753825835,0.1710266318668001,3.4922329593170867,442.3520955433373,68.01900223946434,796.370114223535,17.585563748175883,0.7340600910041354,1.8243656543226212
1.760978868324742,0.14490062731013217,1.7111024230768932,184.52306632178542,75.79085576589333,800.7260015579061,23.578242798490535,0.7738092955331035,3.3999630329415753
6.523497095997751,0.15546822579304712,2.3456452412912396,85.81842636448727,59.40470075812176,944.9686962684304,28.615695709705797,0.8133553058986289,2.186875979549852
0.5554086994602614,0.5064498458636886,2.070786498618263,144.05870144123415,84.9398943390371,816.4768847569331,8.263266503065099,0.8088872666958095,2.046760197613492
7.941146396110246,0.8697898209935897,3.8612737622280147,208.79825646302245,52.80124630331052,712.2094748549534,34.85144560714818,0.7579450405612451,5.1408000843729615
4.666316832753331,0.35740390584484366,2.112399561684611,187.94136422061203,71.86266198673306,829.3595341910068,18.56016420075849,0.7425644397270744,2.9259196503503864
1.564942854189853,0.9518698672600152,7.32824371948319,550.7688113006559,71.88116929383662,600.8523335876871,21.165911975607262,0.617682746332629,1.4999006020616457
3.4405101657200206,0.1334521123330284,8.218135161318003,177.36412524967707,83.44906330953317,637.4055131030848,17.612204092223255,0.7156995930385398,2.074492385879569
2.9890036764726853,0.49438381736889775,1.4517269962597423,233.8003524577474,76.51946577394318,836.0925159222346,19.355317351819682,0.7745933486803975,2.255382079834177
0.7440789260210041,0.25801697377078764,3.8216584136628375,545.1567517170632,82.02904127114024,778.1129632583252,8.40115615992508,0.7883492414876767,2.9624865801415905
7.791403842628673,0.6629370584571963,1.883726695763035,130.56924287190643,60.93490119521546,796.1071680240877,28.72318926406235,0.7215102688243977,1.765773815287374
9.044601616324341,0.8563550346743166,3.487074098308981,377.972346667097,55.90278949554364,733.8330172819294,25.198749452612585,0.880633581118529,4.101038154443812
4.971121999113868,0.8484895966656405,2.497655539954205,382.7300263215225,66.70500084631674,799.1766790311611,15.48757785204562,0.6428355615314931,2.325028774579335
1.9280969873332034,0.8424102893094148,6.654635491381361,211.85792274958453,69.26159407563846,451.80619006572374,22.731101237410762,0.5747372400082792,4.223611980461893
0.9538275360890756,0.5256491507027448,2.373789589656699,326.0442151246524,80.99193323309812,775.0530857616392,18.29951191397425,0.7769258608325447,0.8906364803437492
1.4017241073699935,0.8543099151951821,5.652976328050185,214.64460826667516,75.5623043634891,632.4974635366932,5.948110328376522,0.7163006187897134,4.678909112451482
1.1112410361527003,0.33083759585641376,4.274416612543354,285.7656929406377,82.09599416217803,844.4436669397753,19.813492463938708,0.7486137304942493,3.1163724519078677
1.01904849172348,0.19168037096675195,0.41264122804987646,305.17145776031856,92.01591324516781,1002.6041156533089,19.936989464946308,0.885018503579648,2.2826664513996073
1.7832943676349786,0.33579167531564225,1.4116766205897457,385.429080211647,78.01254137497986,861.306906942443,26.17690071488751,0.8140598556931994,3.004877217253363
1.290064501215785,0.09406579363267942,0.6834292647472033,215.33567717254562,96.01074607129351,903.4785071084345,0.0,0.8170305830408429,1.6282466099613246
13.489793963394433,0.8449373209118961,1.8117851556290712,289.20901941512824,40.131833869444094,802.1181856828468,45.89829091901288,0.8100446174529607,4.113932535875347
1.4082495761541882,0.38422733503641243,2.913095656678147,337.5303790861654,88.79046263203836,772.802513254621,9.102594733721721,0.7445598357876362,1.8604199289446013
0.6980421318960162,0.574653379265206,1.9147230836709026,442.7815902692089,81.49484754832044,876.9562858956432,18.14695876357976,0.8883409246262846,2.707187494973656
2.1505768946010395,0.2357650979287432,8.641912227359937,108.48946495957361,77.44804774987753,722.0027193169173,24.33286578853999,0.700988495693366,4.287408446765194
5.532872516841084,0.12560071711752244,2.3970091410910035,573.4908541507648,77.17816965982605,956.5820661015458,17.863799364267393,0.796186218226457,2.4198915536663486
7.648258224154733,0.10045986738245968,3.4155067514096062,171.6090465613578,71.27578886265593,908.6358232443376,10.483087495129345,0.8879461812540397,0.716468581136483
8.187016895198092,0.3578893729610746,1.3062171084529626,243.69067818427138,61.11219123029007,852.0048484537153,23.18228458379224,0.8001037249386698,1.8226421160806605
1.580205827175389,0.6305065624843628,2.240150315206963,419.57201269021016,74.68910193320481,699.7785598220382,18.729098127313684,0.6795801770699866,2.2213001689698952
0.1463489073166063,0.858266663171828,1.5995624395625667,219.35384873756587,83.73807176144913,746.2702706421256,12.77848765352454,0.7759598823281079,0.9709351356749181
2.3159296214486513,0.8524145672696039,4.2843271322178715,255.313333291729,69.21001561453863,732.8490387434916,26.18412406474601,0.7437448518017359,3.43521022248047
1.6765323371851795,0.43662403909278724,0.5665725233629185,322.0073379960802,84.84038122617059,1029.9956466975045,11.448999464362462,0.9453210873296756,2.053050377206621
0.5076004829820852,0.08365911512170958,3.3365504364534315,329.28624889417495,94.78630763152152,927.0464646449927,12.922346443063812,0.7800169509525311,0.9589800369628132
5.285004945203797,0.8140429233225263,7.258243072100038,301.9755103629229,56.344121050501656,615.7606964391689,24.958459212737317,0.6867431896119109,5.0047349707214295
3.2202622075669347,0.6007156171158015,6.022856095743283,186.65506404089993,72.66925143600163,627.4957144269067,15.687326528225764,0.7211393623842586,3.287946609662326
1.8982252380833387,0.7775204011539987,3.731938017656122,112.22253275842004,69.14155122405033,767.604367967955,27.267251770088205,0.7706664166719741,2.895600803400732
4.495685019585066,0.088582983170001,2.3757360733415775,296.2237134540651,84.32530668544408,855.5174798505404,13.570458877658698,0.7620130173350086,1.8014914104465585
2.3248527280114932,0.9499995383956769,0.25042273678640387,140.16274935266844,60.90466464995323,772.31914148897,40.180109609553284,0.812176153117022,3.762870812824013
6.47375974229192,0.7076798989512948,0.5122613864479189,194.22566123731679,52.69225731571981,831.0753530007224,27.479477051327166,0.8455371171897601,2.532823595686812
4.731483371543849,0.3296773939780731,0.3932515619671984,126.45526653221796,72.94095189199233,882.2878338800728,7.392698582330368,0.7646384868132595,0.0
8.289525991080216,0.591633200315987,1.9128880720541954,131.92622237788387,56.85014709096849,936.1746245018558,28.34829875955685,0.7924969601461896,3.5475273707591466
6.88371192452164,0.3894756235553683,0.9087581249632206,440.11670273528,62.68704050813266,871.5298526298144,33.49900071146965,0.7841874248265437,3.5797424633216113
0.3824657057383867,0.663094254485739,4.8114939699830614,314.08793953271135,75.56232377016624,775.8302127867737,12.544732595298761,0.7755396170505504,2.815151532366728
0.8238059529160717,0.20525231452784248,3.480718448912139,204.50900806125097,88.43224359011208,849.0241806699031,2.1287702370273767,0.779842200971793,2.2621244467892083
9.46009917327625,0.6554525705520456,5.323003780004107,212.65536772378465,50.38224402787677,697.6501821175987,38.788185669856624,0.6835453620148132,4.124389824899606
1.1085921784743393,0.31247600076711596,5.551513703724463,122.66903863959175,82.67760496999125,762.1230402623709,13.064017005735856,0.6799009430548731,2.2564179658902357
1.2141342050898878,0.9064700795168971,2.0059017572880347,391.6280053207388,73.33716372153063,811.8941512748928,20.22219254894556,0.8010964621451768,3.499851199816478
0.8739732922702457,0.4021107471161173,0.8113218996775876,508.46716821252863,83.44496031158832,1040.2140379807925,10.424647037769535,0.9926435886810641,1.7704426311235597
0.6365761023616139,0.7582442180706739,4.503495260953068,171.37082620438068,78.93454512969693,653.2828275520752,6.435232877837086,0.6816505060551479,1.6830199510924313
1.763583595673036,0.5557000433574689,0.8866515297873544,138.323362740777,78.79320444127963,864.1246570165315,29.42624314892498,0.8911883976424994,2.8394063433645487
0.7522818305353972,0.6097596977235836,1.2251048788806047,200.45799012156857,74.08450170346353,890.916674210099,14.059016733671461,0.8083068928970074,3.3149974139647043
1.8524837793775772,0.4750369873653364,0.6869411537362036,390.83341421789623,77.16307549691525,957.5761416271299,23.01565712134217,0.9975524132014382,2.7916358392519416
7.953272934757031,0.8603731408580908,6.332534838080571,166.0099174180425,54.79181658869376,552.9137460777207,21.369717460402363,0.5505908518849187,2.9885347076713704
3.862725046209057,0.4242363597241462,2.924005884872242,72.53414568316431,74.27270965875765,808.1348132117205,14.365719969293696,0.8141895428027622,3.1608991860718882
5.228074564270322,0.9438332950297469,1.6082231986484414,279.64398224545135,64.50476331260975,881.2205562379852,14.848749657895851,0.7998908102058979,1.894286389766512
8.386048823717745,0.9543585967293753,1.1269551245422873,456.71709496175515,46.37561061672259,813.742368640818,28.999228349763836,0.8170018388087219,3.9249127949323364
0.234042474227379,0.7702702036339221,2.0739241931512296,400.48581864297967,74.26077883252314,797.846885907795,8.567692946902234,0.6697372709225591,2.723749416704152
3.160388711943737,0.8542700458151468,3.136153328887243,178.97609910733217,59.496172337568815,738.0009507835365,31.78616979064163,0.7258581303203351,4.161218936250908
8.068522989495195,0.23657719826749926,0.9896083633868704,439.92761038242236,55.76976718447689,893.2831014877503,29.999645221239682,0.8909297184305971,4.315300322089016
3.9365721719091873,0.6106650598841106,9.09804728164291,380.15411556795283,63.34728404184296,606.8418478652371,28.145187101977736,0.7051559550197624,3.234797121089637
3.9268736596224763,0.4251281173136175,2.5911181137136947,449.11115037701387,80.92185667908063,776.6551285205583,15.71690954741787,0.8052924623896336,3.2702258356067877
0.8515801735099174,0.4105055462421142,0.5562393415304558,74.44389237765569,74.11264448580273,953.8970899149626,9.326090171803255,0.9123629866542987,0.0
3.212338706011473,0.6259344300121733,4.624720328621105,339.89718235740054,77.40236773651864,751.061387382857,13.734110879433402,0.7100942289105945,3.117702447372257
2.2694454533896535,0.7035432247662174,2.0070981262783674,258.5026479397203,74.89971915898116,741.1745864662241,7.196357879327232,0.7429580147607187,1.412842357773676
3.2219881016337837,0.7560236782070138,1.7949103409427476,211.11664066794566,55.940793551331495,852.2521661306542,40.76792753115934,0.8723587808765942,3.7457538436414914
3.705747372190561,0.5053733768710866,4.233853397746364,109.92224260631977,67.92233260896244,811.9980950670814,26.597592488528278,0.6837690289640762,4.146155848956353
9.603546071754428,0.751602211998751,0.9712677758815966,291.5578097097427,53.319068333127305,962.9442040421716,31.484073022910746,0.9437718197149485,4.152386316260965
2.7686926093146496,0.8197236575148588,0.8852479075435054,203.39758899080636,72.55004219987089,881.4047593823312,7.782764803731023,0.8923800815743007,0.0
0.29609222492801324,0.5280200728841321,2.877648902815844,592.5577045400786,84.90712565119564,813.2696372541858,17.18941363886418,0.7695491910764426,2.8907843337706303
10.521488121194706,0.7284988493351864,0.20997245286134128,419.08961712325714,47.13065097555799,910.1208128436637,32.29668673555132,0.8490619396936447,4.365022104923914
3.78026224876173,0.45769144561660324,0.649600844796228,80.51666502007437,77.7905724735622,839.9433764798091,7.4527263846318945,0.8187827050720614,0.0
2.9478281114952103,0.16402507576268885,2.996178647921825,324.1961527267817,84.51656649468947,908.3211155548967,0.0,0.8080042733852445,0.12038381490425487
2.6080057202774003,0.8749416932649887,5.960785312553153,410.772376966632,56.27609880144304,685.4162554649799,40.49815023908609,0.6579195356564115,4.1023269752073706
7.510050452638714,0.30242277035029386,2.6921993840244998,254.12285473653205,61.38380289767197,785.4222451848711,33.21633803557012,0.7588715123941897,4.17615541623982
3.203824412427843,0.20873664010763246,2.8154919017272304,109.37476028794978,72.26570084913132,751.976402029277,16.162791497960733,0.8280881853176133,2.2474358355868325
1.819323972028507,0.5878665020969602,4.002783562688006,223.0828356610659,73.55161794664667,675.6142027958117,23.541852996381632,0.5985902574412179,3.0088866898583695
4.012928707002738,0.5479249432712692,1.7260917664791537,335.1745497912074,77.46837528416718,833.922144174619,4.255469325693374,0.8288298588418688,1.5142384089292804
7.777749072914102,0.6016835674733381,1.9733103849717724,61.308473049324476,51.288045131918224,803.3338511334304,42.37476895006536,0.899200353839422,4.1272381238613
1.2773738082592183,0.6595852738568997,7.0515483181911165,101.8313823237539,65.52291236202521,698.6969360780605,25.416832635746086,0.722984572535602,3.2591762073119916
4.844668526097186,0.9485946916234256,2.2324031626733776,183.43314783261883,58.7754860228779,790.7197913374639,39.64692902846516,0.7705960174483171,3.4739183177370023
6.957971617247564,0.73723367051139,4.377784612521774,362.680999435024,43.56936808568699,694.3905406753606,42.89169572035813,0.6652831673372281,6.526742733461015
8.224800242967714,0.1683097393946218,9.07480457284763,112.07264561702463,64.99510951321501,656.4142894741823,20.02921566817893,0.6277132476945514,3.936517976255801
2.0050170781094456,0.5362067564725437,0.6549878238561246,111.28848200120474,76.4496187044022,905.4145335891425,6.387724357250756,0.8015572612195975,2.0619405383353087
4.750463966857888,0.3727558706417178,4.677156076703643,162.60721642056137,79.06948512887844,720.9926094045456,21.60205262734651,0.7564885968089792,1.3756168726614544
3.7400304109167317,0.7395705154358603,7.73510708675749,43.03038232292989,67.2879232190559,530.2496011775169,15.641262307467795,0.5646445047232496,2.57131862897846
18.493580692671692,0.7655083101272929,4.620409290556911,216.53102021610314,29.940424707504107,683.5619922369087,54.40133982223478,0.7467240293733831,4.514211871930583
0.19377551589077732,0.7790565140653307,6.003597804744974,156.6834987017654,72.29802884360934,726.6868173610859,26.0973166455032,0.6908415698278576,2.504755217951515
1.2074258112188296,0.5101457785691439,2.2817998166928066,190.82108597127495,81.6826006886344,887.8370820970111,6.765180178463101,0.8380745377155921,0.47481376696170896
0.4454618839047729,0.3261035097549423,6.440220080168238,456.6838841763246,80.9858128681598,818.6202040295291,17.329477694128393,0.831170059185794,3.6067435956386307
9.697790712536465,0.3948335606313017,4.059752254172775,244.889369294404,58.82781566871065,758.682837984516,35.85945535751589,0.7286297650187165,5.422392261691306
1.0115039852685488,0.4807866055455963,1.3083003229977619,1015.0578147920013,84.88123326225669,910.9842984558044,11.91055245772142,0.8721507041009319,4.693971388724229
7.2231371311674195,0.7569097803206175,2.2454967567625816,341.0838513923143,51.22515946588656,762.6894434820643,29.842856750473956,0.707221444283986,4.863515599952873
1.2309255162935415,0.5346665268077727,3.231250496336328,122.21686737427792,78.22573762308267,759.0468230345416,3.3957429352394115,0.7168766193853876,1.9511463491183
8.514292514579012,0.18344242621927445,5.287217424309126,122.20333616437102,65.25311194827019,709.2801158749572,27.76818977980693,0.7416664384132599,3.8905454680794693
1.1158506685861835,0.21711742990532545,7.220128925403156,347.7118876810285,94.55270066548208,596.1508530031645,1.80403469261497,0.7335201886618913,1.3679097910728237
0.3907816288634258,0.29198197310177243,3.5136551612908504,143.87799158026093,86.91825793284214,882.5345737637508,3.5587332561557368,0.743090169209814,1.137093554341874
7.657925700949439,0.44756017966415085,2.261722515992329,197.47997120937265,59.62571763815879,830.0379216365337,24.246560458930453,0.8262415246748699,1.0036037767269568
6.603902731828379,0.6579440065126878,1.5060032194502888,24.64755978361689,57.51708431756962,764.2184421880031,28.131707872405197,0.6312790492717808,4.391008022752035
6.6616136526929335,0.4273353921094543,3.4215401490496014,171.55139800663932,51.31019352947129,717.6573533096749,48.34389491372674,0.6962769968910721,4.426155534326348
11.816042081106085,0.5340601421095404,1.9100679831386138,141.9406547593241,44.22997356289658,835.8243140943996,38.54397122907424,0.7343679078060057,3.8032213742796905
2.4771383661908306,0.34432985345616135,0.2589549312902804,184.22599668125454,81.44679168446456,947.1429015711506,19.625684089845056,0.8341190505788413,1.7548853965599651
3.0593527544365933,0.4576515677414485,0.9224134288106701,580.0376826906754,72.13847817135479,908.669542590307,14.07433345204148,0.811830876088388,2.163366413666383
6.686075287027611,0.6807879542272108,3.526200006637059,132.4336286356226,56.51538226764117,688.960175878264,40.117582624265,0.6217054609733716,5.307758143993859
2.068450425550842,0.3040071773661127,0.5143019320136725,97.87968976291641,81.89595867257935,856.6757224458609,12.742949245452747,0.8704340554481177,2.1532342678840743
0.9199950050871892,0.37028612026656543,3.7923855498438677,430.81120618756944,87.61805211420146,685.5791377109363,11.210718338270201,0.7321039355471363,1.4555693798472915
1.2483088605908323,0.26398376312712507,3.146333191605855,119.5951315253628,85.80567867116228,859.0391434351105,6.149421771906809,0.7824026312042822,2.863790395588995
4.070514104647512,0.6082771038614584,1.2124635550155554,207.78491872409512,68.45591933579702,854.1665978030385,18.841109594493133,0.8927987608453292,2.101785999371401
2.4629220019376374,0.892978175499173,5.896127917854601,269.33925884112017,66.55022882383984,714.7984656697911,16.474653712531953,0.7716675624176926,1.9298586011779642
8.894421211049735,0.7469133716668614,0.4565040093900122,497.8941058583139,44.79232300409855,848.6693522818449,43.736997447256456,0.8242333138779523,3.753393909357083
9.865674528494214,0.42044909387758983,6.127393119376015,511.1925829404984,49.24770162017495,708.0660470890201,42.415938521637386,0.7434310909741109,5.893169629850643
1.691211974505678,0.2585743191540309,3.6833885406128504,256.1407555565842,77.84190704816245,780.7429473932905,20.350542967227504,0.7375483573016358,3.6215361545211757
5.342272063143221,0.6621461544446254,2.9418254583818477,296.2637554967039,63.65228192380229,688.9785553967015,25.601184488283277,0.7261824484022815,4.4927330548377755
3.9645385315527246,0.38649981517725274,0.6384649512506733,583.3111381992727,67.92493398525606,980.9157799111505,23.841647812158733,0.793390940357716,1.8171905640640091
4.082492824183401,0.29730703822219984,3.4192502849701123,303.67271438874263,78.13977857246832,723.795338689852,23.280550245922537,0.7388613458788855,3.1306775838213423
5.4211380903910396,0.31709429805619627,2.1150708603395145,378.3823709778293,66.26811820835502,912.3999811303557,23.649474576895788,0.8521080287395599,1.9141397342072775
7.45544529683435,0.14903012013274178,3.663000822300015,242.075910420228,67.9809376064088,901.3592995012796,19.940701663276005,0.8558897886762281,3.460506899079599
3.14642318021178,0.3577501132572125,0.9932706014588254,292.0068525904316,81.52210260031198,843.6067634420056,14.433530636848996,0.7858059644822675,3.7233856118650674
6.594222602027177,0.4734611422506056,3.471600778386489,462.3023199142569,74.97305361992038,762.2982527019592,15.412165219788202,0.7243527721564845,2.118864833621234
4.886871074973625,0.8217863101058119,0.33119834998637016,148.46844962378137,61.604758507003154,854.4806047249753,31.946087117692528,0.7795627411876784,1.7101967779716774
10.142961583249196,0.29215614327023565,1.4408878885697958,546.5216519883388,46.47701126002384,867.5996582534475,36.63640949205547,0.9670149795371297,4.016054431413205
3.76427798724315,0.32053994896852445,1.7082965875057994,227.48534385981404,73.89983492105077,930.263682503041,10.983320963075503,0.9176452909519947,2.3602086694751656
6.172467466571588,0.9097007133612453,4.560976985568627,379.10497020769526,56.089783819404055,582.4241336252563,21.993196171998342,0.6922854658622288,3.0840983584427506
1.443071362376481,0.3580504586636221,1.6294681472442765,283.77846912536756,85.06093554523837,797.1836588420165,1.0208366501730115,0.7424244074829291,0.0
4.8359318624373735,0.10792797076868843,3.4561200732079174,383.19986469712785,73.49752593526736,853.2661123516899,27.766388555646504,0.8411572458213235,4.178889549556164
0.6827009225130822,0.4350844194138836,1.390851188550055,96.51784356229616,71.66420977729929,821.7746073534059,19.95617648937694,0.782823430907227,1.8539910268379176
1.3746400179211449,0.2084745911037318,1.723027586111771,268.550903928264,84.84118463887447,937.515431142631,18.70020078415667,0.7821721978068463,4.197166787950458
11.067825553966934,0.900600184454945,0.9457992072188508,147.72213561365163,35.29030540179671,767.1934446356728,54.3144493747562,0.8113954943850856,7.021142850395015
4.294819714284866,0.7728707979765423,3.812950260711218,236.64022859485615,58.30175464741099,685.2167804661873,27.501387048862263,0.6495496062314495,2.162356636763427
10.185784463548526,0.14420521733089806,2.1153524905276417,431.4929600810967,51.767638247163546,971.6866602155295,48.81404109715655,0.8478726348352937,6.290129545939374
3.780305838752291,0.2263943532324143,2.21073355336004,297.13005953562794,77.76319995634049,834.0150711640574,14.755936580723368,0.8281272650998525,1.70207425959279
3.647697737032919,0.7564406067297645,4.6536500708635415,296.5542637407037,54.94070994578427,637.1588110530472,34.42301541206983,0.6805634098424853,4.216519032513138
6.625897928649231,0.4731459007859258,3.74334319599917,492.07973789154335,59.504353649997675,765.574121576688,23.796527770404623,0.6068796041293387,5.074327829105673
1.4050792814306292,0.4998187191314616,2.5515157827562325,100.49283110764482,76.24291907796423,824.971816898407,19.348863523380537,0.7091170228110967,2.469757051563844
7.7995382865650935,0.6098515059782288,1.5636266564927062,240.45401326736123,53.73096572520146,844.3893413977895,29.9817873583318,0.7065333522137264,3.915632120505034
0.9938223752994834,0.3138291953488679,7.813498351091914,563.4078033570872,83.24250154599792,626.4233405954712,15.553847957774101,0.7732166777386168,1.8824800351571616
6.484473628499897,0.45514208698122777,2.43286278065061,354.88096140041614,70.56139441578,933.1140941533271,31.99977695422974,0.8460772076704285,5.151263801859436
5.995394393986388,0.6065243089410072,0.35590803498132495,145.14785464797905,69.00483917306438,835.4962595344499,25.88267766187923,0.7726895347240403,4.8436923448275895
0.8535336941110815,0.4327855981766083,1.3000957865584175,241.570706338869,80.17369138146833,876.8569535764718,6.18857304387883,0.8547156274056733,3.504927267291046
2.9645779539309016,0.3977766993456629,1.5596672328393355,268.2585773178471,71.23446506296906,913.1075364724185,11.282491249834909,0.8518351719580153,2.8572977716642365
2.7486594390310906,0.6367122046011435,0.9320380843192979,346.60933725167905,64.16505173148684,794.7373334862089,18.864089623684315,0.7326027788796198,2.507578099470371
7.535307204213521,0.5838558546036956,0.483115661937274,249.1649327751034,51.47157555540748,942.9728811616487,45.66340768860116,0.9539835867557587,4.766561351730456
3.4957532899405837,0.592434852439866,3.632349888067015,399.85603381142437,64.47681918287697,797.0628387021563,21.856026108785397,0.8842029971370247,1.6570740288986376
1.0240048337895822,0.6430321204651623,3.965256188780755,604.0608395249379,78.65764398393787,677.4127371616008,1.1119814465004936,0.7287037763695117,1.0180219527748817
2.1239127901832062,0.7816571428432985,1.5553804637646764,254.08328622821568,70.44162768109784,892.2415005861726,16.437653376194437,0.7822479823356961,2.207512598201419
1.0408776042280476,0.757059429233397,3.3845767898172245,176.83031543663301,66.96382135607475,823.6526977090718,25.216971922670773,0.8317363815763849,3.06331893014448
2.2632883378144237,0.5364723487883215,0.4187376701369161,315.46273734595496,70.42001841816176,828.3848639699389,16.667601769545577,0.8182268191815651,2.4854591717111836
2.398739111628019,0.18127906533992189,3.3086113087412583,139.60282855116665,88.46596131485242,883.7921079297968,14.389435144704684,0.8720068959791046,2.7736299094801664
0.5047161913188059,0.6660880934684745,6.161679806730573,234.9156050344213,66.9998262810385,614.9074481633643,31.06054369827499,0.7456878007971631,3.268611296039318
10.096783903698032,0.21010845450232774,1.824958548517278,182.22686566079838,60.78853624602703,886.397742496203,23.321398179322056,0.8563468428108048,3.0149593126246135
4.619041511180124,0.6666156314766737,3.618733072901959,350.14781981154437,69.15101325675916,780.8423235113306,29.810673179314342,0.816103328393647,2.116211175090865
1.6088548529889863,0.9719224412395999,2.09895068371866,188.2795363697026,62.457044864465146,798.6255879224901,21.57516610003117,0.8070263355272919,3.2747079720776857
0.5755590978272721,0.8699854039976725,0.9889651016073879,692.7589442417299,73.76943819113173,813.4149460407134,29.42551060842621,0.7481508826804587,3.84404139897525
5.7711259119273794,0.30599699365184363,3.0419910114316915,244.9468980420261,71.72884052272369,782.1133254710276,16.792460029856162,0.7309835918154725,2.322352034074225
4.076283098325993,0.5142748401143733,3.3449237779116117,676.2758057274898,69.73361658244508,849.4255054163809,30.456553324863414,0.7644058662400691,4.926241963706235
6.0714966660273255,0.5631259776651305,4.921362511849978,418.5438672651447,56.278970336204324,678.2485001554903,30.36641256399209,0.6867682797670009,4.158206297369035
1.2976279674092788,0.3742698682180464,1.3618452060354003,172.3679648114546,80.49859067900185,877.944359306565,8.95954386122624,0.7600855157761264,0.3738924450570995
8.306782830370395,0.8907478735140482,2.3128327761655916,416.8540081319067,40.734396143616706,736.1362787896013,41.203519899327766,0.7409864644813107,5.669497908148897
10.889394433328032,0.9021734302229663,5.516994357573207,88.69355138007036,33.87031834983705,645.9721595688345,47.36906473116268,0.7640417478443579,3.1622595576210406
5.803320101719947,0.7245802409658019,3.9925286914380615,367.081769916388,65.03320561967904,678.2139900062084,18.326326603639853,0.6872470990913153,2.761690789288368
2.547711993062378,0.40859253554943087,6.3710864579993185,111.31105242917334,74.24824424789296,689.9914462253091,21.291820921900822,0.7383190765158789,2.7089843763732686
10.997717255708018,0.548861577543169,4.505762902031648,280.61836301814174,39.396941421692816,740.0758653721483,35.40238998100443,0.7190952373744816,4.616003052602919
8.229856934668103,0.7734651412533877,1.2752034218477675,222.06392859890082,54.09691151739506,856.6797632418134,25.108120783658016,0.7795099072630471,3.0721565049916713
0.33929716756269507,0.5136107559679421,4.134958803597561,138.48663916031649,86.33964788816007,793.1073598615354,9.926485552863273,0.7764325036437564,2.0676722384587514
1.710932059734577,0.27820826503693735,1.1902216157983632,122.58224855544559,88.52066644847365,1026.0156015918133,12.046607716569724,0.9105694667581506,3.086101383747616
4.448311864326361,0.13703707477997737,4.473156629409621,370.70842320119436,80.97853933665766,797.2574691489907,7.037788922002172,0.6919556596767752,1.4219367874178577
4.164151475465181,0.6359551961697615,1.5967028558759728,226.77379731228964,67.74230085164068,838.1055790253098,24.533460441472883,0.7770303820779849,4.068543792552783
4.423813359267136,0.2829341578457899,5.859283578702314,113.95824135316408,61.991906035366654,696.3354074275802,34.9307448444168,0.6936176450848333,2.7851331975938836
6.433189545401341,0.4444246547542956,3.3167781676544443,293.49453529625777,67.84457128796458,750.3309707604483,23.06997303877678,0.7653890755154944,2.572340085753592
0.6370368075915341,0.2021244743405297,6.53204607990333,410.37051368674895,83.59891312252084,792.5161402508928,8.228710980656766,0.7538815080433097,1.1768518790760636
2.4109142077750527,0.638257433107935,0.48556310607155473,423.09856905117334,70.41850332228496,853.822592716102,27.888678708600505,0.7246448008557214,2.1856751926462374
7.132369957094709,0.7494706416679938,1.9535426308488884,189.2366058958133,58.25155016527425,717.780028446649,39.44671942063371,0.6901521473951426,6.005825119731929
15.777538546384125,0.5985761876207228,4.587053319144313,302.2408660911154,34.78930105836546,685.2676792636166,44.31652258148484,0.6481517135772032,5.338420700167969
2.9888386640167077,0.582367373871985,1.399556300090532,207.44187367392027,71.9365821303314,906.4813886317894,21.363092291813036,0.8131793602435444,3.472502991545481
2.6220119196053338,0.9119319087592571,2.552297196737978,428.6802687221795,70.2915312212725,692.3326831061613,18.905655314632703,0.7182190063275112,2.5770029896831748
1.6069217842803651,0.23907581420104548,7.9687241563653135,319.0004769264544,92.48142279738275,733.2763890643582,8.843891461862043,0.6773735503167813,2.2815448482785468
2.1704750488157347,0.8236103636990394,0.5318417900798322,209.54880186567118,65.27091016615614,903.0395463564614,31.337363634828037,0.8518874265212534,4.536599940215048
0.658162984318658,0.4255582644519222,4.051435284838458,45.500421193922975,78.9365770736757,782.2734811315818,10.417976376950497,0.8520541772784401,1.602043996555129
10.575747934467033,0.46057453012140087,0.9454720879857855,255.91180042894277,62.85837773684107,852.5244771496087,37.6170501745452,0.8041919619837391,3.322279583098385
4.769859256650569,0.9265892476053793,0.8709017636793632,464.7788594580761,62.506761069121,786.5329893638144,26.835849448971373,0.7604245719056177,2.9700307869666855
7.66704441185487,0.7922353904882633,0.8673266763744341,151.07461686202134,52.43296439215868,890.2900320458687,31.79759113346945,0.7969513407966653,3.0953747696814573
7.753007531841845,0.13725534072398668,1.2555894301096033,252.9277938686393,64.93905887597914,947.7480916651999,27.67866462489742,0.8833440078357613,5.2443555238812865
2.9895427576568165,0.24065963184315642,1.425800535466533,163.8014389908954,82.96632693061588,880.6079906200208,12.977046555842623,0.8741008273658757,3.4364441266864345
7.723298536458712,0.2620442128797167,1.1259612217300785,505.0567190331993,75.06309273324875,818.6056215444579,18.540379051036243,0.8116072969804705,1.9270916137357845
2.4338667623520553,0.9637573488361932,0.09348457605202926,117.93195605823104,61.20253522757739,879.2999826987038,12.509573817562671,0.810521773006203,1.748982384122319
