order_volume_peak_season,weather_severity,geographic_distance,order_discount_rate,order_processing_time,order_item_quantity,shipping_mode,fulfillment_center_congestion,traffic_congestion,scheduled_transit_time,actual_transit_time,delivery_delay,late_delivery_risk,customer_satisfaction,churn_repeat_purchase_risk,profit_ratio
70.14174079431483,4.588099801736655,817.7298621780905,0.11751622063960607,3.923432860832387,30.17338610443423,3.0634368484248657,97.87518699542767,58.72153100831747,6.729047190555607,2.6818068434113935,-1.554262806422971,0.0,4.730628071122638,0.17374433393635408,0.15439094135117165
78.8532240790441,10.515781183461076,2706.71202130297,0.014613453431018397,7.630825171089897,33.64329432962428,4.0,100.0,100.0,6.309484603268786,12.893083661521455,11.585263640891842,1.0,1.0,0.7894769316851469,0.3232478224046784
44.63214495867966,2.275995503191994,427.01474534416695,0.15085154570861933,8.09398605380002,19.646729574989678,2.669879365065186,65.68827464905436,35.355232671749,6.423769755479405,2.0821743795426335,-0.06381129627680243,0.1262279202853704,4.45834957961436,0.3466390341886615,0.11810887164938158
90.41426248191975,0.8490606054684482,1133.1595865610175,0.17840042792856822,9.960658783806807,37.96764774367109,1.8403478632577412,100.0,21.040099093974042,7.472192485530957,3.895267062812353,0.6051312789911206,0.19710523209447012,4.426294526801415,0.1312270060451611,0.20310778303873359
34.38763875200697,1.6381060191637988,945.8683194543021,0.04660059515011551,2.341383099810372,12.926980574441014,1.686090737182675,52.217198091092584,35.054651272384085,6.028424383557442,3.9478395446332355,-0.8355244425769157,0.0,4.94891094333721,0.11113764762911832,0.2503720072947836
63.734315086897574,0.3763603864699639,297.57352815991163,0.05435088142199611,2.5812293450830297,29.43433474162654,1.842718818968203,100.0,5.170831007736144,8.268704901161621,2.818790218497572,-3.8213596583957874,0.0,5.0,0.120705875821207,0.32319697026768196
74.02774086831313,0.9858582623721579,771.2736589160039,0.1012232978653608,1.0493393434471452,32.85892645172307,2.2039187045055635,100.0,17.37615269393821,7.200360394242737,2.1359261146917934,-4.1758485809710715,0.0,5.0,0.2461561450224639,0.21111806206665507
67.07123840406018,4.2397955198754085,589.7865983085735,0.05030537497094012,5.1610812060067905,28.67094294108941,2.316216407710037,95.41898924005991,49.31405414240319,7.1976373650910865,4.299806428856687,1.0062832026438768,0.36172078695555543,3.0893484871346364,0.5476599701506804,0.26879066615028724
61.404966044079515,1.595892586765773,1482.642622671378,0.12798099885380512,5.463419556836902,24.6407704252894,3.1402742937987704,88.72963275683033,42.490641819506536,5.829711662460645,3.7242880569567745,2.060265086210112,0.4230808161160954,3.5692184472008965,0.24457654662008266,0.1856158123233996
42.301573841317044,4.706738115662805,346.0571897295813,0.019802254455858516,6.302141126079558,18.433230933268618,1.6706209719266985,66.3778270356869,59.45905658043029,5.857319180347396,4.541492090510331,2.123479399404358,0.46123246351449687,3.30009577289441,0.23046254887150586,0.285631879927288
73.35275488347689,0.2913215487986467,56.72580090548669,0.16674395623192026,4.674683418825697,30.912879484332773,1.1475388048152921,100.0,18.974542321437116,7.201646249096525,2.408938036626068,-1.6021198266940166,0.0,5.0,0.0,0.19364220686192404
69.3821893909307,1.6719134790357133,66.67512662067826,0.015919734440018873,9.92382083577422,28.46005362317525,0.9532801086156669,84.09241164463785,33.7718707610612,9.358566348166917,0.7019304951162129,-5.0,0.0,5.0,0.008862788397641791,0.2233055068629494
29.594102816932278,3.7038431608365,661.656591369346,0.14758388175971918,2.0879278897711755,13.234250942459713,1.9541014207558802,45.04588055852575,44.865025656367536,4.359423190284472,5.3897189858138175,2.974028149626649,0.504038476503232,3.2986605083879117,0.3086282671984503,0.12316914859863988
23.4092151147722,0.05708746524936518,1574.41991948722,0.18378170248330297,6.116365210813062,10.21401187185514,3.6686277357330632,29.19251215191867,18.024846525974137,1.7178107274859777,3.20008977715266,5.802333679541946,1.0,2.4727229775163933,0.44971939984681136,0.17475155733734685
39.6433111634548,1.6045492314678476,97.90718116288389,0.12125703951088737,3.2026607996470746,17.003968521125465,1.1737729130061785,60.88810579298016,20.524804972348978,6.418502236180185,1.2662234127464667,-3.3254969928127887,0.0,5.0,0.0,0.22175839278833298
24.419421176164242,1.0438714308435229,219.69282205767732,0.2757289732548479,0.43528893015954884,10.744517495403214,2.1490382688599485,39.47247302435858,30.751566572940114,4.704035591411408,1.5120954019078106,-3.379810086741368,0.0,5.0,0.032588739406834766,0.11955920478467891
94.86458152854362,0.6744159564997563,107.34595707763953,0.3358184653082956,3.033021602588339,37.308207528600185,1.4970975028883347,100.0,21.455282652745357,6.337570467566051,2.0006619899675515,-2.6174944985378437,0.0,5.0,0.11850924141294183,-0.0037562471395400573
77.77620785053576,2.452783061392756,2070.527233137589,0.12646527948493522,7.74778349511376,35.589149630425204,4.0,100.0,44.5835542449639,4.336243208646043,5.98628169732906,6.675908743227474,1.0,1.9013269661434966,0.5610450602317132,0.21926874718398914
89.91139859165806,0.5335814653832006,229.29620644518172,0.07582480803082935,11.16435769410469,38.12512597807085,2.035824698142286,100.0,13.000158329850587,6.950967055101878,2.561098314431738,1.936118094930987,0.32392672050233356,4.087550455958995,0.0,0.23216860276396656
73.7657202604717,5.334404619641163,1686.8572743173459,0.10317919694297951,8.826627894950303,30.523904204005404,3.2031490631428445,97.82789556947189,71.99263275615753,5.9435394354081765,7.036937391905624,3.6622150287981947,0.724608166263141,3.149896068432154,0.3523811429788452,0.2306139450472187
15.128222341676786,2.98053313580625,460.68294291557754,0.14327803563505567,17.236373608204502,5.902658546292473,1.9508105039229289,23.19738269427989,44.20268119609421,3.35836967703702,3.748337980194666,5.611630563304816,1.0,2.4978958465552923,0.3451055501609677,0.20437630642070687
69.98300104275634,1.8295159883212697,567.3521185710439,0.24363824435228287,7.643675984877895,31.32698237279677,1.197956086903846,96.15438051950983,51.63363137829814,6.51837092347658,3.931920637110044,2.272456566066274,0.420213296091993,3.3237409778867377,0.2910614008212432,0.0758969134514873
74.28233504275995,3.524071586674482,767.2181122075185,0.12364963794303406,20.74949772295162,32.31784949289658,2.4504425424796485,100.0,45.049648993165036,5.361441705595435,4.81369089465438,5.378367764544205,0.9061563700050191,2.395217749605862,0.45429305716207063,0.22633620960150064
20.840988079297887,0.7574623037251774,296.1202568565756,0.16664880549053257,5.409605376688374,9.76631459767052,1.125729831370976,28.46200888274555,41.81310568797578,4.614599897821362,3.6950179377209498,1.1605763372343223,0.34202081855577504,4.408535971707245,0.06127408117634055,0.11109837735820244
60.41971227550472,7.031750614277792,494.5177768645727,0.23097120387254183,3.455569696906526,26.898069127072652,2.273800597952131,85.90352403038278,72.13987693018724,6.4759492022654825,7.063992358447335,4.3426311702615035,0.9003220342683013,2.2148722007021244,0.5108734506011064,0.05894541018613431
44.74571621005635,1.7254848879684463,139.3042054685882,0.2056536182394016,9.499763627381347,22.113750965035678,0.9092608442521183,67.72614574646929,34.76411942026366,8.292886366596118,3.6941219981818034,-0.028711565693247593,0.0,4.30566648444174,0.19145853740701205,0.10252252554185107
19.87264588378665,1.98205334676435,1012.345154869909,0.11993596300954404,4.221220619226262,10.961755795559784,2.4586268260879027,34.84752040218666,23.320186804772018,3.2982748851257155,4.688335997894255,5.377161249174227,1.0,2.3152473370222384,0.388891205147149,0.2947824032269498
65.54174526763501,8.662199300701847,473.28285950576924,0.06182696199891197,4.799590483776407,32.36553201729023,1.3469786264453845,100.0,84.44943884089496,7.1180073391539045,8.990735167554012,4.796228860186808,1.0,2.97457234447162,0.5138535151752082,0.38781651320138244
69.2916745321845,2.4515728616939567,1166.1939434704639,0.2379376820395072,3.719339287356187,28.669957763225632,2.871398402892849,86.55136589756987,39.69670316354418,6.605593254269027,3.8756347813402163,-0.01616961637397052,0.0,4.362084786548376,0.09616928921609887,0.0812214539602091
31.12459313023424,0.04445852995529465,3060.019985875899,0.2418225254317106,2.3895485846287468,16.3709276531831,4.0,48.412540239859695,21.954640987169004,2.3155486320168266,5.559256461603906,5.735867352272475,1.0,2.564453317560068,0.4260933155207206,0.089640945201656
76.2409105155719,2.068886543438224,2413.5587679435835,0.14462113383845213,11.197495209781925,30.680469186988788,4.0,100.0,41.10064951083902,2.977890967685623,5.629559803050545,7.2372976636029875,1.0,1.7469123612427775,0.48612684364852904,0.2070199822796936
10.321486420131063,3.6732318589282533,172.1852107294168,0.05660834171067074,0.7331453448181482,5.756650667973287,2.244788445261221,31.882654436121662,53.886554205396855,3.4932632788215803,3.8522229847009344,2.371267643443097,0.284402786230852,3.079733473847144,0.43870935765922886,0.2541451016853228
62.69651170810728,0.02858086263563324,241.21769623958394,0.13339152348444064,19.244495028708254,26.263975590211555,0.7119663882415534,87.57548030568155,19.895950532076476,7.429341916670143,2.8640700433938484,1.311931894936946,0.24232827461734924,3.58856966243827,0.11669331182247758,0.23208309802638857
79.43545294385304,1.3842441062961985,282.2392529614464,0.1193375604999127,6.297316376400647,34.621772563363095,1.973558645365167,100.0,41.39216959253959,7.337109490729423,2.810645139370137,-0.8769739051202045,0.0,4.794978907755551,0.09167486451895736,0.18799802892427891
76.0785962469428,0.985549461672526,299.7075609957679,0.07999080342012926,9.261111521536044,33.24330781361159,0.836198874223334,100.0,47.01337566654576,8.108222343617895,5.053078225209522,1.1777264977302182,0.233673931514383,3.940901376651808,0.2842588275600065,0.3123037103205536
69.25936125513454,4.014636157815011,1881.0635378860081,0.13623765043778036,6.621465176418922,29.541681841210536,3.2601866013765135,100.0,44.57904471274613,6.676886788615002,6.114109634205821,2.777822499200483,0.4610394237646946,3.420841292498781,0.2692620653855434,0.14290829178309272
15.059808350537786,0.19647485240929835,657.7188587390023,0.18503175807995142,6.998056622787051,6.946496189078855,2.4432536798354225,20.217284947095465,17.716423925025033,2.7139251108458984,0.5,2.1735091497735466,0.5594150263347264,2.7861254725214697,0.44466359368049,0.24790055684811507
8.64748377974115,1.5913865184040008,294.37724208261204,0.32060163318251766,16.874605749952714,5.562763012040871,0.1023429632225985,13.687870768123325,32.616641606122194,4.829610637483725,4.64105593861091,6.813716235927533,1.0,2.239204188164369,0.5987253696792688,0.004952223701896782
14.431977705951608,3.6707214034278315,1140.0477583910194,0.18043410919713435,6.144163440552989,8.072655863322108,3.237840156236423,30.988932724162673,54.478007485622726,4.387395413181425,3.932383694176506,4.325756374037067,0.6457862052143435,2.9624171487210265,0.2814638267167901,0.2551352568519212
52.90842104663609,2.251259321710002,480.6805771305715,0.14939723308244426,10.0746471156444,23.86700401537657,1.9189750498821427,80.91146863898754,29.548952762912975,5.777592376232215,2.8964891420016285,1.5219768245699907,0.3320667622799512,4.364833084544792,0.09336214538790309,0.15888308191348902
76.91336882826123,0.41389288768448973,646.4564515636274,0.03178665275319311,3.403051098793044,31.815117210164832,1.226928836938096,100.0,31.00147711109873,8.022911456472963,2.201619026548346,-2.592996899040192,0.0,5.0,0.0,0.37282369146344924
86.70370601176641,5.437779834772731,48.39584871156266,0.16193375559045345,19.832284186418093,34.62506401404772,0.861198325722478,100.0,49.010600613529334,7.415618086345072,5.4647590850175165,3.2394257917662164,0.6855730212106647,2.9920359190747376,0.27524804658727015,0.08096874749031031
27.37285001184025,3.4228825024219955,255.24348624848477,0.05199696081504454,4.361149584878378,15.127423455661507,1.6331250654330915,47.654243455143764,46.03307240806543,4.143582205782787,3.603027348746667,2.732030508887345,0.5068389554287304,2.9982886878007933,0.287474702876507,0.21298725357557105
42.719702735935506,4.510593969693105,716.620004241975,0.1476031988294483,10.340333305906837,20.962807119810044,2.329578342157177,68.60529228348196,37.37987737655034,4.628748389566671,3.201191856831273,3.7590312621390853,0.8621232536905501,2.1430398909660946,0.4492768957315409,0.03191196394598525
73.57357329052206,1.0043420866292878,1677.1097600126247,0.20528924658543307,12.395787625070026,29.893421222110224,3.575983593891382,100.0,22.678458464829816,5.876208027580524,2.3397253849093547,1.5244233207622402,0.16332417615255457,3.782728981437088,0.3805967379134728,0.10489582643713506
69.10380340216926,0.6089826378433201,1127.4024405738305,0.2190763496589554,12.128335369282036,32.09921730567498,2.798983686862129,99.91729255503094,30.46533832562622,5.632820777819154,2.0646946072775902,1.0767111103851563,0.12165155677203895,4.6614799692302835,0.0475902117117144,0.09693818100805054
72.3031102424784,4.369898886165034,200.79537659812647,0.14730700567685165,5.052489314870927,30.40442293977211,1.771827711017527,100.0,49.05714656657549,7.594729964206694,4.829933188105939,0.03841430076947017,0.0,4.281452765018412,0.09858443049048558,0.23499313144763675
26.827873895872788,1.6201225753709703,583.8266990131349,0.12783604643922278,1.2067693193265807,14.355666398921453,2.423860721642426,37.74695315952867,25.028960363782897,4.516248549149925,2.220305866222074,0.2371805830114787,0.14139654770737303,4.269278589257412,0.16384689069483355,0.23733574230984994
62.16682378949984,0.15988094375722095,1294.495819348194,0.1879486662667541,8.682507508939853,23.240585839148405,2.4800192380215424,83.33202265161866,27.40895877829635,5.568208925659954,4.418348856515682,4.118171150822335,0.886730453056566,2.585145176429908,0.489558692719884,0.23736546408452236
59.330339078984444,7.517633568165602,922.1188684541758,0.15619076003666504,7.147808667793525,26.894212596956613,2.109091968143396,89.83413979707615,84.27318245399667,7.100822388576339,7.906914908252344,5.320735912017668,0.9371966059458638,2.8437745237878205,0.3026210137178107,0.1771279595717988
58.21252292326781,3.7401533746706286,1121.2317294360241,0.29058623371279574,8.283988700032587,24.110677248862196,1.7851592005868189,78.79859713996194,64.7831356849439,5.458189044960445,6.176766109659022,6.019879247420408,1.0,1.7168793396413036,0.45421478363848117,0.1283106178275094
49.65699915149467,3.1014437755693227,322.9470175393927,0.179584294627726,4.293576845883592,21.63263513012634,1.8272011244850737,69.71764672655654,51.046186766165654,5.849148609514935,6.002810148515034,2.29008012277304,0.4072449423125172,3.9047975782491893,0.19975361437814326,0.18526727491583755
77.20859517166842,1.5681580160799213,866.2867007611837,0.10515548077701954,3.8106698571909323,31.333385275861357,1.3793544986733393,100.0,35.36395781227758,8.237213949474942,5.661538153209329,1.0400973837070926,0.2664924152844134,4.607183471950036,0.14549969779139282,0.29529309097661455
70.41145004142588,6.71812995395281,545.3511446808827,0.20374867627835475,10.652044758774489,30.07462077061114,1.7647959644594127,94.47180494733408,67.13444353754119,6.322037051007633,5.17612896373747,4.258941649218655,0.8729384790953529,2.484376002890939,0.3228037870137744,0.17061301110251376
45.388155585585515,0.4945106986197453,842.8390225190961,0.13472165586221943,8.496978151134096,20.03469865356159,1.492177992779915,63.9419344536672,23.594888643431478,4.66949038175097,3.4201687260852287,3.377031209929767,0.6080219583048735,3.0175746671715227,0.38936782699135136,0.24872007819923092
24.69771880307885,2.0770265231565768,1214.1100983618592,0.17077387820568046,8.618177913157735,14.079943062647367,2.6691118518627204,48.43553482110295,38.43459926316024,5.074068007386688,3.583010891634955,3.06341602895091,0.37669983276092284,3.6837417939191215,0.12862281439505502,0.14787330147372318
81.28654165234076,0.427438917616179,1445.4011728690612,0.2562587112088842,5.957439837356246,32.779142988356,3.515338376187183,100.0,21.084408731292076,5.145596366783104,0.7257366777653518,-0.6728765017506647,0.0,4.703016027549772,0.1559836518131434,0.0681648463597061
80.21437886753782,0.5196925844065324,885.791827107523,0.1699731339041006,4.2107975615022974,35.30173580586729,3.489238534442503,100.0,51.32113117714496,4.514930545949882,3.330356151751312,3.07100812805712,0.6234603963188966,3.6175760534755037,0.3109984821547951,0.10946014664198625
71.82659461125832,1.4254342045618893,258.579215690086,0.22972391510149318,5.526740015398101,33.617463892597726,1.7896995142817977,100.0,40.11656686776948,7.7283369112003655,2.430606118980146,-0.1476474867265387,0.08363217716427787,4.659734598434323,0.07795451930116268,0.09850611364647124
33.490364389473946,4.086803252624788,263.62075502089806,0.13458789658442247,1.7943371709998772,18.32996119507297,1.77659447818351,61.38004733465358,54.01389339470366,5.632385218487467,4.6977360209083106,1.8043932719540312,0.4420304666994759,4.076811524482437,0.37472196650549183,0.1613947315052049
59.9380621795901,1.1850633411998492,342.15764147773535,0.03619063567769065,15.893660386153801,28.006271883545722,2.022318787126131,84.84813617891986,43.351508402794266,6.1859186296091115,3.9824270803917763,2.562149657904295,0.40588541648471727,3.161598892732631,0.31204992405265386,0.273376757353555
29.46529724423707,1.0665336522974596,567.4622266788689,0.16253268838317328,3.6828166351239906,14.072704100982822,2.194286568012391,44.27717790136756,15.459096336429626,5.543621825671853,3.0497720027891253,1.0040207784772368,0.1689714304127456,3.5586924812123244,0.13688636440795163,0.19125665961282062
17.760322606657233,5.602976919717388,828.8684670613502,0.13207635386273364,7.077161603122346,6.886673721922241,3.2485600236192047,29.860384392518238,53.583402211183646,2.650802751651842,5.177979589390122,6.4674154167315985,1.0,1.8412424122185092,0.5713589977144359,0.25296896588315226
69.3034851047389,2.129243700796053,804.2169323254807,0.21588212302507034,21.6501646527079,30.416762519729723,1.9388638946769976,94.07822832979579,39.909555768658436,7.167370713931458,5.091312973863548,3.4320136786924387,0.6671467065023503,2.828618498877722,0.41046698035683304,0.14442679162606992
88.26928400868198,0.6683868289647112,804.5956174257378,0.049768777031006885,2.3440934881004902,38.45954307114829,1.3315883011415783,100.0,25.092541694678257,7.458225355717969,5.179735987420894,0.4959256176589813,0.18371205067257515,3.9607605689224505,0.18879562139733422,0.23736031106598265
77.72450691219734,2.551518510154657,490.0254760112454,0.02693607802235638,5.492656426771062,30.032089148065808,1.5416857617249549,98.38732483336449,46.72256619673577,6.3321804053167146,3.892834129362848,1.469323481114738,0.3554857840714923,3.5045029689603564,0.08472637587120715,0.262753512723641
67.00750269122094,0.05302219558322144,193.13244392469662,0.08608086779231386,9.104073852476043,28.84953743716517,1.5467900408950992,97.81535296565553,18.65422678599467,7.000644843877862,1.7545881783547095,0.06567446648408148,0.08148561048720102,4.183966998573228,0.12786415528448544,0.20096054002777697
68.58206633346566,10.630667837823603,1536.2778105917353,0.14050817421491485,5.279312833813293,27.16226031144786,3.171140952050144,86.79483143235068,100.0,4.817321065479602,11.561794254711762,9.858594533908189,1.0,1.6731690706885947,0.5946906526077521,0.2624863011402558
32.002853530933216,1.2940199970366206,713.4919941264069,0.23905004162125135,3.9697618237736716,14.087843658333153,2.0739778584235853,46.62985825997643,27.541117903778805,5.17384300588197,4.074923519445944,2.8615871505687105,0.5476404750430579,3.356308747315588,0.22021814457979821,0.09771523926547605
23.826698444222018,0.81164499604361,708.9614668075114,0.1284666062592026,17.25840657948791,12.461864223657116,2.4055660870575606,48.270435028448865,32.50588529313879,4.953367647688998,2.238816712715466,3.3840654354168733,0.7064349479492332,2.859085677660872,0.3098749209460121,0.1393479965671745
16.722353479974597,1.2217735524544324,1449.8816878487312,0.1623535000054238,13.360540165879836,9.231906472841347,2.895924895860313,30.733249747872215,25.31962694532934,5.055428757913032,3.438580706656373,4.759465479124216,0.8640604977943477,2.5864745051338636,0.520363689692067,0.16421753096637481
50.733409918788766,2.3551138894346786,2537.829937454396,0.13578622981617144,5.925783308499262,25.49148669589813,4.0,78.2923046818143,51.99868623058565,4.330676663424806,5.164242390346232,3.55967553578461,0.6392266381362512,2.5573414461283726,0.3186571108212783,0.2677932724449243
88.65007811108431,2.5047554796556604,813.0164300564613,0.29347763210184874,3.4674411339111253,39.91829045107941,2.8423420339825363,100.0,32.10801303616767,6.727976660937901,2.5595469259090327,-1.1168919051664041,0.0,4.837031122926886,0.11952893693304378,0.10859223923433114
29.65675405123575,0.6906467306382039,610.316228990424,0.04724817536504442,2.8955419594094876,13.822159883043103,1.925287923658895,46.11856643428884,26.384173899472376,5.065031455170697,1.9762064695321326,-0.567885457261537,0.0,4.8531482360706235,0.15355167024595456,0.31271457472373443
48.09634730004706,2.313186246421991,294.3726774876211,0.10820879063167065,16.164522850599603,22.696345049995003,1.3227653367140357,77.51563951093007,48.81159703850369,6.9299497151992036,3.380570741610975,1.892109875274685,0.3491706252330376,3.6708189061023115,0.2447272815538596,0.2453697867675566
82.34053911565606,3.2276428745483607,979.2309870796768,0.25437893127419803,6.99365531971392,35.75731260045131,2.679506952501614,100.0,53.91188362205396,4.290810756440104,3.984033227653192,3.1600344908627553,0.6365039127055243,3.5441051552325846,0.23729005994201863,0.07199851022356865
15.035846516900058,0.656984614445572,838.9419058238669,0.2420061523336846,1.6490760621559968,8.041214214586361,1.9544813448258398,27.255933187374033,16.671977066098876,3.926733337225911,2.581039112437529,1.647012826896688,0.30310933526949935,3.6775615641646118,0.46647955652700185,0.11271914817839028
67.77737565927067,0.5521737877318922,654.6025230762183,0.07203178482300614,9.68169738934941,29.461137083995162,1.5949123006684978,86.28365516012752,37.95318855891034,6.37680840756755,3.0415807735547937,1.444869558835471,0.253643905961604,4.6231374497182,0.0,0.242804447223067
43.37536859929097,1.40499338207831,530.9914780197867,0.011359502652341246,5.807702844726976,18.238321156458667,2.152689367868485,68.35796660269543,51.73535019200982,5.767859703521117,3.3841402515592076,0.09729929750170818,0.027574123510138195,3.898425631661003,0.13227681721628104,0.29346932801005543
17.416046913675935,1.2476912152588584,1624.4150873865037,0.06463844574494983,4.998273500202275,10.432733407485932,4.0,34.14383580347221,34.43884891008487,2.723667528628086,3.4897332877500045,4.182180377357474,0.6903884343221174,3.2672602318952224,0.2890100982662042,0.23263362772607268
36.11499459007963,3.782301325399345,455.55670323817327,0.16956807291411255,3.774049210801956,17.642499697648763,1.4363743883286966,57.953440205175326,42.709794045994634,6.218707236428616,2.751162877899869,-0.44118106636702636,0.0,4.97925631837502,0.0006461839100795064,0.15185663284693024
51.090739968178774,3.01771872716451,522.16358356051,0.08884053245739504,2.3008731957002078,21.126966546444088,1.5888189408127134,73.72384252075966,32.778029914106725,6.2564703718246015,4.437168398156018,-0.3899343710712161,0.017122918877615488,4.856803233414153,0.11271085813478426,0.1854247742907546
73.28622025170723,6.0357230576480845,68.2277531319412,0.04006827339775366,10.045199880593692,31.206600377849053,0.841932142807233,100.0,76.54926008822112,7.618260876844408,7.4568937683964265,4.417906764870007,0.92643877047728,2.8184389215907366,0.21801660651502464,0.23788632264154022
52.14995134844925,0.7751577060457495,336.8429825555614,0.06726739619131808,7.1723361441667395,21.811422969342512,1.637188062616919,80.46697020617738,40.547709220957856,7.384630502801476,4.061300075745918,1.616805634669016,0.2906539218234901,3.682520138949438,0.300142848955933,0.26876979361204134
76.05872836474781,0.11726899178938163,1032.3474791969368,0.30190561921426234,3.0300312133537273,31.72706063670162,1.5366205405091873,100.0,17.34141006655142,6.741943948906309,3.2387006047136557,-0.3260421411153908,0.021266799419298106,4.595472384196228,0.39358657427400495,0.0955608625267354
23.857343107524553,1.0969198821138768,863.0833220679812,0.1591889333805155,14.292714055386506,12.502085121986855,1.9574185974761487,41.80016088259932,17.822842167111173,4.626961356692535,4.790104207918458,6.574333955930027,1.0,1.2622015791273946,0.7109028061915622,0.21247519870442697
77.47110895124487,9.32894863345292,1196.6858110270603,0.34312372510561795,9.198182651645052,32.110242366856134,3.5694902221468867,100.0,87.03328586424415,6.008722261218489,8.491726129495113,6.5642845239105245,1.0,2.5935403678000553,0.514756010781215,0.03349202556946937
71.7931522454424,2.5059456474075352,1364.5950025759669,0.17215403713733,4.180108649809874,32.72368411130747,3.005507066847674,100.0,43.77073118272874,5.887526996965852,2.2683006159306345,0.22019417054274304,0.039894176055765486,4.82599465591371,0.0,0.15999906511428327
22.566492528518978,2.7906526653892634,347.29211177069806,0.1557491041449394,13.365143196579544,13.518195027135006,1.753955665045262,39.27761349354824,47.487244193264715,5.189068628583476,3.480446317001936,3.3052655229049157,0.6233652578607093,3.4101129743828658,0.24539591768521501,0.12312328357811544
31.000140937383794,1.2318928678142766,289.87668049187295,0.12131475874532852,8.489214076097287,12.618716541510478,1.808504691434698,37.75603957890782,23.974635722432453,4.558128801384909,3.4390702102787136,3.2360734022963253,0.6685030754241439,2.6028414145929037,0.33026525371270704,0.18078973981267882
37.58915824276028,0.5727402907947147,1312.3119740835564,0.09003604863779478,8.48397262597845,16.428690849114204,2.859386117377487,60.167793394184734,16.283447020744862,3.86207265537273,1.4898310785302187,1.8663924390325906,0.3634571852098155,3.700257769777319,0.09059594557834888,0.21727981285132048
65.3737947953365,2.291677290658105,595.4698012784775,0.06540039181908176,4.1106282338363895,27.79534231759751,2.1828455558789868,88.41019185285163,37.43802432442076,6.530816632535818,4.490605315033922,1.936042754858208,0.4699289860781025,3.7516393156934047,0.3322407856741534,0.23201444805616783
22.721673878268167,1.1207024516593995,997.2393574060604,0.19679471407278215,3.583980821074516,11.205036075881907,2.8723829094258675,30.21087994242805,35.92867530317048,4.872927639668233,3.8939817309627816,0.40309872379613987,0.21942003627224577,4.789847230371992,0.0,0.12650428247415507
80.95357934389082,1.3832099744517583,2016.087811601076,0.18750625745149196,3.5000130968209895,34.81205659368333,3.924457815652809,100.0,22.481491975457338,4.50449197755456,3.660563202784401,2.060335335015537,0.4376776210254169,3.5799625544130302,0.266041461787347,0.1547650709503305
22.117248584496465,5.1935287002607975,676.3709138022405,0.007805415993595056,10.198193876485929,10.237537444240067,1.8704535938636977,22.705689561771564,62.575055392539404,3.4192770376151413,5.491139662595656,7.027542357826218,1.0,1.4644581882097727,0.5887682967167186,0.3091925882272317
18.35581063853417,3.37867359141907,431.7836535612768,0.11629983539048132,18.112621884133283,9.93641856296371,1.4516005579181175,36.15318256076848,55.009253402132124,6.318611696666517,4.612258191992848,3.67367600952944,0.750638894171712,3.0042449596939083,0.4583400509783038,0.24217472842717677
7.587022683674222,4.716406725858911,2323.363668337867,0.14983201487371606,11.908920034091798,6.412072858434794,4.0,19.74515114270774,68.09918210100844,1.0863801133742887,4.542074015722174,9.200032596393186,1.0,1.0,0.652396413967126,0.2429782619349264
69.79572986974384,3.7839651227519626,652.5869754065324,0.1290725815022278,12.85954544507024,30.730068542073507,2.207530552843023,93.67369491310833,43.924407230159645,6.600604092546997,3.7582103734143146,4.084308301142624,0.8194710161305631,3.2618861968978967,0.37227043371641055,0.21237925049933457
31.78150722153336,1.0983124909318385,925.7764503218293,0.21124260606188902,4.1248004269149625,15.497542932562576,2.985745198337407,49.183117735438145,25.671195262540913,5.064758321845966,2.2851881697598277,1.6986447700122522,0.4014689737521067,3.1523301793991583,0.28416861359539114,0.21944757488703276
40.02196588294856,4.539167406553496,959.5504781521188,0.13053140526748117,17.149772078169445,16.330080839542326,1.5136511018550132,55.802695218566825,61.27686621356718,6.653357417366053,5.7370479408905615,3.6782280207976807,0.8252684489965252,3.576059687957614,0.1456384815027978,0.1981194711486762
21.186921131572635,1.5505309854731018,1138.7553247421624,0.028601227067771823,8.502159368702213,9.26103454447318,2.8306731655296313,35.43123049405008,34.176129198501535,2.3940600857590963,2.7653103648019557,5.311292728651575,0.9664467681438202,2.1747457538984754,0.5000531805169391,0.32750674676391156
35.14731769092152,0.1958681472455803,2329.5816175503155,0.05208552484461634,15.452716546465734,16.21338085039139,4.0,47.44651056290474,34.275523650267225,3.384624453709856,5.631545016479558,8.102545380177318,1.0,1.0998488960369674,0.5552327759265264,0.3376095100323679
44.84426944252395,5.233485525241842,1181.8336161739446,0.09506787576362374,9.666014112439044,18.874210181327523,2.772764477644981,70.54244937969654,55.61785464443786,5.174540810681626,5.526804727769962,5.192413461454268,1.0,2.045105135745532,0.4946317438022229,0.16468499037271328
15.995735254970292,0.726795833656445,1177.092214536996,0.03030110131414676,11.172889923332702,9.289502730548252,3.0553774004705234,21.47257706494863,29.247153039568367,2.542242237168972,3.5252217985571748,7.088024857952756,1.0,1.8886809160465676,0.5215587949602655,0.3002652591491146
59.87859267349102,4.55766828517287,640.6339703903326,0.08487382101050826,7.486206824034211,29.461914609524086,2.4276600491311724,94.8165278082157,60.74844457252028,7.3165364602672085,4.482743345577245,0.7720702630069232,0.26359823056050075,4.340266356984827,0.19278785137488905,0.19759771820468222
47.08586883088709,0.964541331091126,536.8033192634396,0.25557529666055395,5.045537306483217,19.605527170542317,1.542050553038539,76.80524011226315,23.116934178029137,7.190791756320867,3.2897084242954424,0.23431211855278822,0.08651842534371912,4.682241519266656,0.18609472860078122,0.0844898964287622
39.6703230153519,2.86887518986231,478.45520189497427,0.08606082960154936,7.218466619794454,18.722811907822674,1.6328114680623307,62.25894482579959,46.14604935346467,5.597682563045439,3.1496312993831355,3.37959951360728,0.6842396165402923,3.1008757736639545,0.41864505651916334,0.26660687995344584
42.765081550471265,0.19943721210433668,162.17470660132182,0.0774617806072858,2.766892111125327,19.0766545818059,0.867793296001699,68.98192850087493,16.06511015833237,7.626866350036762,3.2857549959120176,-2.376498905579134,0.0,4.264115534930597,0.2826010640619724,0.2176680377094976
35.97429808163641,5.380874149312846,995.5920971324135,0.12584949134142434,0.8741720504582517,15.133640659476288,1.7273474323713347,53.07888426648128,56.2820393773123,6.000235987379742,6.30058088635182,1.996295163733033,0.38618954316151616,4.096585242178572,0.23388987429699154,0.23843142582334462
98.50385482897354,0.2988235120599981,523.4764492724271,0.17811005234624405,2.9970223767497206,42.00932074718244,1.362706414254445,100.0,14.490514426193911,6.857081715217196,3.464831066899445,0.5211721280505346,0.0,4.430503840015698,0.0,0.22041953595131214
38.98439824379809,3.322526663335483,1626.5826319102132,0.11200434014790134,11.667559762916298,17.807910376185763,3.6186504900622123,63.080698968888996,50.78433449913801,4.262977579067671,6.914673625283832,7.994949074081652,1.0,1.762623672803357,0.5801135234938075,0.22295543197587564
59.13800160677854,2.349355090863814,426.4656938660909,0.2649910471364256,11.966024538716471,28.078624227287566,1.2989942085169062,86.12898524144568,39.101618309206785,6.72571800303694,3.7908886265639774,2.440955661189872,0.5893031696623137,3.2040658139274902,0.49729648553195294,0.12208603130816739
71.12705927692181,0.5233217483992912,676.6838829545196,0.1096610710630976,10.89672638188812,27.690883839709166,1.9055910207054498,100.0,24.24693491717,7.386148266883514,1.4702057171864267,-0.17195541938159054,0.08143205252941015,3.6296702509063072,0.35470233000235757,0.30040827274682075
70.55717783519935,3.2502134327996117,1440.6370492248034,0.13290684960241347,6.185779012833303,30.40247789883514,3.259460501325241,100.0,39.97676265220744,6.730532642155653,4.4207639504196745,2.9822209299169398,0.4714679316067456,4.0130584254498265,0.061920165490070705,0.1194721223291565
65.90136615842776,2.425497845936782,191.94709569872452,0.08288176882787081,16.808570798270846,28.02315203594252,1.6217297976090743,88.67676640121151,33.07215635761089,7.644598246463756,2.492164096640402,0.5373266971450313,0.13787203788817792,4.033934886681626,0.2543970129399975,0.21911586308561393
47.5126391076483,3.7122644353823,411.2957003563083,0.026029641272177658,4.360487756335826,19.16627412947445,1.9366719414888638,71.69336426686003,40.93241823021761,7.626383884472992,3.9805973996357293,0.11744637060972019,0.15298757365803503,4.229022577526069,0.2418414068644938,0.2570586928603765
17.371717945668966,0.09073310349587747,1553.3972760902645,0.09011891050900887,8.02307827371281,9.942981917035812,2.9566050630654743,30.268661873327197,17.90451920668367,2.749175670891164,4.456510748099987,6.208012108909804,1.0,2.685075069573913,0.5221508241082762,0.26332610109818916
85.65609264417398,0.9601432279585727,807.5112973197008,0.07312322529220948,6.2371065320278385,37.551477541618276,1.8680614542295724,100.0,30.126350010336985,6.7944506355363234,3.1842464179148844,0.05887432549745286,0.22355978934771215,4.743482451162136,0.07797114464735037,0.3323957741754615
26.094579671405736,4.8820563195051365,1116.9502218236287,0.06464176813305034,2.7356084951617086,11.24168607297883,3.06920000057542,45.231271498022316,59.87053463258325,4.062906219237126,4.713409066671044,2.339154698894641,0.3440596982100411,3.7256552345797553,0.14772489546905476,0.2929226441022057
28.988177508542826,4.209607911417716,273.28905795838654,0.12590696847947208,12.909940899728594,14.044778026586856,1.8261361257990736,45.572839622975486,58.56418801454631,5.221104029095642,4.244656601473666,4.498410100302866,0.8837743027205059,2.3533480659318866,0.6846734603267421,0.16658726374650987
27.38943081306425,1.3482812473347618,358.97726820919644,0.21559851453731266,9.033779703708687,12.169973846512173,1.219104633334973,42.184140673628605,20.71225879414802,5.909162458193052,3.5351510558127845,2.524732077753996,0.47809356390978425,3.644106495225823,0.35751534852543587,0.12169466451711948
75.80996601318923,3.811467258727456,713.3873185870026,0.10921275486157546,4.265147413418912,32.53287700087669,1.5069532192386497,100.0,57.42361818822627,7.669251288823629,4.145313755205749,-0.4076145070987349,0.0,4.365817163380034,0.0,0.13700772722081297
70.30405287142342,1.0543601185437677,890.462823195005,0.023230597793807442,10.95366278800816,30.870564194857952,2.6707600096928084,100.0,21.984133246610796,6.059754993220992,2.526275686725432,1.4694629449925307,0.3498262603984314,3.539586047114718,0.2103382461643689,0.3210781439570307
84.17259666937696,3.5688156103996573,1433.7419204260934,0.18192248987718443,2.2645133960323656,33.286065008619914,3.499580261452705,100.0,32.04080136646115,5.67963477201008,2.9412807903144382,-0.06342432759735539,0.0,4.628987211351701,0.0,0.03364746526470504
21.60638887704839,0.4502619228114301,1013.2584427110343,0.23036460592437397,2.490724005856514,10.805291814943258,2.434473781585527,25.70021478241803,31.109859145756086,5.21974154548232,3.015279764857872,0.562781810879531,0.10331505624212264,4.458584566376124,0.1339926968443085,0.1427049790913474
27.370989602980792,1.5527430503873263,1056.92843090136,0.1412440736930566,8.064822256983064,14.882867800622707,2.0814800774685955,54.40369654592921,37.34973323294382,4.838809699031544,4.331941876459094,3.0403254963404716,0.6212621959460816,3.2565846808728067,0.16960873783200295,0.17920651021894896
46.01410757094412,0.0072894048454269856,628.1921724835393,0.319839190275245,1.3270465184715807,17.77345932529367,2.1708397866206406,66.79344832770957,17.225735626289218,6.617009517935078,1.630050801217171,-2.7087465326437794,0.0,4.912865459973777,0.07069258406884438,0.04156194534848934
24.221627539042828,1.7694892683510355,368.3917756995882,0.09740834968774223,7.748974186285322,13.615974052000603,1.2036543503988784,54.24691490934403,27.814562840572187,6.370585866617387,1.8066901044070702,-1.0353751328822072,0.0,4.416530752947886,0.26978558435616307,0.23043816461310498
30.161975817627976,1.3798922523631285,1506.9680409078887,0.20030419336403757,12.738461216630713,13.650931837786665,3.7390060756782106,48.80221237182409,38.379611777530954,1.7489199494155665,2.989418336699269,7.6916365969030664,1.0,2.2602866607421976,0.40861162308832977,0.1679258332175196
77.7003059642193,0.07305915648102644,512.3784059868887,0.08806737758340852,8.840434259430133,33.47349848451022,2.008561795923276,100.0,29.89912449088116,5.055362784581089,3.1855704430607634,2.221793208493395,0.5339559241873173,3.7385286979804544,0.30748720295376997,0.21897765004120523
45.58024866967531,1.7080804126169997,395.2357471179806,0.1245241942989747,2.283651862611492,17.951585154515442,0.524034265713976,70.50129638742071,39.38842710252969,6.513047836264928,4.05191728381558,-0.8030553819620582,0.0,4.378998961812165,0.1322658696382552,0.25972096684182144
24.724631116160015,2.2755134514000503,565.4153338581231,0.2275435958752245,4.112975165920766,11.678754250528735,1.648420218289894,37.98005250422046,28.938705089843538,5.816245009182893,3.6787847368233257,1.081306064855182,0.344304392761217,4.2987405878392915,0.11906436414369215,0.10760098617243262
20.954907092898768,0.14927277032884403,207.13055188018177,0.12828220325121079,14.735276490452929,8.006475467486547,1.6975433401369662,33.1241711960294,15.349883940836536,4.70213257554664,1.9517277273399578,2.0525936062130343,0.40834294791080117,3.807087688971045,0.2959867033751637,0.2475815970498228
68.48124524584179,0.13905882748241188,1353.4437057145342,0.18376436016655173,7.324058125037709,28.337670922509716,3.0244555265688797,93.27142786942669,17.15881737244009,5.411790173579823,3.6249914930029443,2.1994559385084247,0.34263434899857703,3.504067788645366,0.22550751663616236,0.08216482377464356
59.47500084275799,0.2391671220523345,748.6126171369106,0.10611583206019407,5.448020241417063,27.11255505137844,1.6781013458142064,96.03055396072973,23.85238244413334,7.936524933057677,1.5604373837282917,-3.351413272638833,0.0,5.0,0.20285894778360888,0.2321830532648865
39.60822156286297,0.9337578559893154,501.5412846301075,0.19385102454408842,3.9421873304461115,18.057919279442583,2.0491090556778975,59.396996788471284,14.931931512683125,5.256947435764932,2.304084111427681,0.31703574573699195,0.18844663194597008,4.308627210055965,0.2054069727872956,0.11613984319517108
75.19412669530901,1.5383140540464466,1172.4127411988406,0.16941010937886664,13.463481794439515,31.80344777114841,2.8463682005504314,100.0,41.30516748196048,6.701307142286652,4.620186547429118,3.494262458265923,0.7576298036453308,3.6906805960549316,0.14417238227116164,0.21355036869574426
56.56954738451374,0.3430205570560647,1065.1958112100506,0.1559584853204452,10.274380300460745,24.210728816372793,2.5417812904791774,69.6665446270277,11.499916506823505,3.8614848050408055,2.2914466589981752,3.048673709609957,0.5145094225624205,4.235310928529345,0.016946052958505264,0.277393670347003
87.95524370007618,6.985211317096282,382.38729343772854,0.04981536920392932,26.35396508591052,37.74530846823754,1.1870148709246897,100.0,86.91099693167963,7.160723933398522,5.681876037671729,5.392877742580395,0.9526366003866645,3.0227028585728344,0.4355929794861742,0.2848084215890561
63.50410991542658,1.5649208429236894,141.80214891996948,0.045288645772343795,10.87494882227338,27.95275925325565,1.084093648215299,88.3767442553798,33.99793474972838,5.971382239653381,2.982079890216466,2.9345198627876963,0.5834843455915131,3.157382358343924,0.4080446146160175,0.23194896137914783
20.251072387079883,2.7695822693898773,1234.342202672983,0.15325669575455894,7.05294192837077,12.111006479126328,3.1578878121493554,35.588569707628004,54.99514426770172,3.0028115645782125,2.680471639988454,2.7431507756353195,0.6350625288497506,2.9919094249839304,0.4248164790046597,0.15512839381515559
84.90755999843212,1.395769712328887,998.70610204527,0.11991543853879039,6.551910992408067,34.22423444190934,1.226146696250968,100.0,33.848836221953974,8.606027899860017,3.639465620097773,-1.7850497102808625,0.0,4.796819762199802,0.13416083188047973,0.20783500353939205
60.59661422706505,1.8110460992790318,2070.157568086683,0.16566454528326532,5.553569181532336,27.36891981742783,3.9064714725588554,91.7663291296667,23.568552160672688,3.9363745380038018,4.328929906798592,4.0916568545033245,0.7452905791261005,2.450068836384796,0.476539987485786,0.21532849857310712
36.25534302010551,3.4667016961340553,598.8044805093903,0.17502232260966516,11.895424033540934,16.26915549932665,1.3853937095067475,53.679153898259734,52.76186890058579,4.814182465118252,4.647932689995378,6.503344923059187,1.0,2.1440013495413885,0.46773469915145427,0.16204230255218843
27.388402211165214,0.7743471977772145,607.8856632692481,0.10599741410721393,2.478706780559337,13.417432758240494,1.803508356772167,42.087323672529436,28.287087099989805,5.155022429851103,3.6178886471583938,1.161913835065358,0.2226439366371274,4.083891194400024,0.1459711017944983,0.2611836154798846
36.04782034899278,2.9599891994659324,239.0555988121342,0.07374059684752587,5.366635663722936,16.885917988685677,1.6008670354092316,56.47793034595572,40.18224753338746,6.928609205727563,4.864583973874121,1.9354555809644118,0.45298995245233575,3.370291987896842,0.2085360546187382,0.23444515839610577
32.95391929384017,1.1278894951079015,397.34924816397796,0.01660079805407316,10.812326530428681,17.281817095922733,2.1558764799298324,50.66535288204505,18.523198792230524,6.1427812026341195,1.30617856103698,-0.43153481732653753,0.01563414632908025,4.902757487248283,0.0,0.2659061497939987
34.74215099746071,1.9475309723534893,291.43009274749727,0.07596705411223555,1.2054301239706138,17.416276000981735,1.0563622821980134,54.95232936868606,35.43180215057611,5.4105197453200695,3.702517907469433,0.15035442429786544,0.07996769910556735,4.379241376390861,0.3835427165001507,0.18793027265224754
26.078715470725687,3.0951773392408812,1259.702636981944,0.059053715472126116,19.026030224470325,13.861652734917902,3.78872885367962,37.898337263089736,42.32825988695679,2.7759725168749267,3.4899824631803886,6.325934926455714,1.0,2.3167184503955003,0.4229746009764413,0.17121663495783618
21.593888299813532,3.4656498499420145,407.82462240351157,0.23591624895429675,10.179333690524464,9.675562415696632,1.0088401974594816,26.531114998396298,33.56745318747191,5.4060670643663675,4.581684399517929,3.72264318304312,0.6236116639788986,2.9644748995885943,0.34746561027286393,0.10504937221771292
32.261200815125065,2.4876086108223743,689.8299176704755,0.23671124729411536,3.5341821064456878,14.190858813639137,1.828997595066339,48.77702519980707,35.82724291358671,4.7571170364024855,3.1804486280925994,0.9300725710845711,0.30144600204096633,4.029451931822363,0.11484975839043354,0.13413816185529776
64.67015283619001,0.6766275607239661,720.7075500355223,0.16133619904225274,6.257470767784482,30.517055433076884,2.543802577201042,100.0,25.66446422946685,6.42189546030599,2.683723739878375,0.16591606748687515,0.12401016876143467,3.913247371815923,0.1267533924825586,0.13968703846329317
81.43561587265421,3.381429944475299,386.4204049016949,0.17236989239509778,2.0795181939049514,35.19892107564849,1.4259827856608442,100.0,39.80786628060677,6.6787438775354175,3.746357381034541,-0.7767537272836516,0.0,5.0,0.0,0.1625615534919568
98.08311659605005,5.975132192155372,530.9785460916733,0.22367699139970523,5.858006199303496,40.58553589131147,1.8032939259277447,100.0,71.3822220384506,5.805855563353816,6.387806931801963,4.103864741844768,0.8868870278828365,2.073031029233939,0.5839199182130741,0.11675065734416692
82.91757365754786,0.6365966816401324,480.9546566363556,0.13840054112811684,1.59427615401367,35.17557710138287,1.324704234554528,100.0,22.986713403280426,7.681722917476154,3.1743633334599117,-1.6072768616757696,0.0,5.0,0.02783011191689538,0.1455855280523618
14.832060421855036,8.37343107608835,2090.749102127564,0.13029427684750172,7.866345447775739,9.968577379738402,4.0,33.796398671804845,91.11452535982717,2.3384349808977904,7.4392258041628,10.330175020783187,1.0,1.0,0.6946468699663245,0.20625777707056042
34.197823465390975,2.6827729881751554,283.4891075036644,0.09826199830168167,16.229243011009387,17.12489813746305,1.2831218579934964,51.930535179999985,33.69353507618435,6.334492215234144,3.9941138940870213,3.9922683322102728,0.7357790796131576,3.1551394167213593,0.3853917486781311,0.27569130354229443
25.01041647465358,6.972043365204689,489.0381013740787,0.23316119621129308,27.908075079152287,13.126092293121378,1.1034430918357843,49.763910065283746,79.18840081405544,6.16707514487325,7.291083687375691,7.686700714983982,1.0,1.889228829353276,0.474284752440194,0.05726658200157579
3.7758811476950846,3.9901020949938384,2122.124696436029,0.15158553518998666,12.253294219425715,2.9625060625126576,4.0,16.66083493831557,41.89838179566689,0.5,5.277515084798743,9.468657167014092,1.0,1.1128141792063966,0.43231472293126516,0.14122566224655578
58.2468352034489,0.9114061981348344,1737.3215773610034,0.18668675360525538,7.027534366968339,26.096222568633593,4.0,86.33659888730962,24.674901572956113,5.190800795401518,2.226877714606799,1.9102889570482442,0.2817085554263821,3.3990530100174565,0.21806785413898108,0.16477223120931475
41.98729811192288,2.503392592451687,1513.2338244987022,0.0375774763374303,14.957432634780922,19.39900601591076,2.1370249531755388,62.837084943121845,43.60389491646804,5.793993597877256,5.186412946044265,4.861119520338555,1.0,2.9177497889895245,0.42660935979162073,0.2848502158696292
49.589470297877604,2.6198372711939624,710.9962021015997,0.07443583461150871,6.189385248724082,21.26523705899999,2.0099658202500175,71.547165269647,37.92569802244077,5.720888173280372,3.35927248697462,1.9288285852033553,0.41021173128187605,4.05270400982573,0.25054194812350145,0.20387619676421148
57.88069653590605,1.5123421734133595,1752.1617920615558,0.046209492991961976,8.017383473890545,24.23651438914537,3.236547637704664,76.06333188798786,40.27082719442381,4.353056712868409,3.0550999464779083,2.6468042886002623,0.4565136438124528,3.513821051201099,0.2343172062168162,0.35991688038868863
46.175197050246624,2.358750988275504,217.3129996096852,0.06652015854877139,12.847395930158418,24.2379164441611,1.4845961110539205,71.54050779661758,48.18270756661914,6.426674858342122,1.50677346609509,0.8582015670553197,0.17631154215637865,3.7791380225516367,0.06858595228162476,0.2691785622088704
32.10458516230059,0.35963749490943864,959.6709718252388,0.10214275553488378,5.054954708284866,15.182351300322697,1.6461638729694603,53.97496296145053,20.96571483313816,5.68633855380552,3.0172938798114672,1.3050248113990726,0.32400024257572047,3.8184223969898663,0.28182915554194704,0.17792376829931852
66.68909092971771,1.5054499118298474,518.9275450885841,0.15568935574874182,9.896977924308581,29.458571949663718,2.2468621301003284,91.13287281792827,36.740853731054045,5.039250052128738,2.67648183109523,1.8039226447154875,0.41315331018736856,3.836199102576395,0.25836765785355953,0.25559779040848885
25.59116465804923,1.107299486695936,985.0229099796774,0.1071137461898819,1.3550070996955992,11.385777609197698,1.6087709135557033,41.30706023500298,34.61056916580851,5.3244829684085495,4.66003101561225,0.6903803646287454,0.11039622461779865,4.485002287961633,0.0,0.1545368266027448
31.98203210254132,5.493686550335419,1440.5586603935635,0.010704166836138401,3.436984960604101,16.202514578861553,3.432968886862632,49.39243026501819,70.54866294106594,3.5780140168703545,7.088830630290846,5.154828561564669,0.9546855685645713,2.414394021747618,0.40804532088003587,0.3216364608396234
68.32646164720637,1.161619254310965,541.9414154024283,0.17383621652587103,2.776992549895911,28.427197283147404,2.267582990236647,100.0,29.219502864023372,7.822288235813121,3.4048514179087728,-2.432982799411212,0.0,5.0,0.05171925010704364,0.15188554914545085
93.3584589320694,0.946273246649381,2224.945850011961,0.20440112948278163,11.957172965162933,38.953598732237204,3.9744184077106723,100.0,33.060110638628906,5.021580377813735,5.32249126771647,4.503832845251283,0.8666393450520263,2.4300869305965453,0.5757756416295685,0.11216038567510275
26.438165944495843,5.633177446284856,1160.7417132859678,0.06787409143635155,2.1479796934664517,9.488847975133313,3.0324934985123115,37.85781727124464,62.624924134195176,3.760002241781579,7.061118337092283,5.449479845372353,1.0,2.563003859908414,0.5203156048457659,0.24511243370120778
79.67035041873243,1.2431239309493953,898.4646109440336,0.17274984575314245,9.706719586996153,36.36908851613964,2.261663228667934,100.0,32.47233746658746,6.540924442222211,3.6776206606559936,1.768662378969736,0.30655877752810157,3.180039680145014,0.3649880945285817,0.10915314091180207
72.46921087211436,1.2775476615006451,333.9472323159962,0.10354444609144232,8.677147837506924,29.079659588161952,1.9720853698766714,93.7260362557852,15.176663704821637,6.122707234257986,1.2873061498444984,0.19211530007082078,0.10396667939543021,4.424637519633366,0.2109879092934556,0.19739791686294997
33.01497176199945,4.662937338188944,170.17490592463545,0.11247833404710796,9.975685269122945,14.93534677393314,1.1291882658105723,48.56625661968165,53.15614166031412,5.145914719747593,5.448248667133506,5.084621502223333,0.936900684460454,2.3657900948214277,0.5655410025041259,0.18714972871030672
34.91478582673214,4.591364781785588,217.62030840727041,0.08716178950176498,2.4821169193881536,17.30503767213498,1.7203615888703936,58.11712591214692,80.66725079446431,4.814345413436022,5.109029950679094,1.26099102497733,0.36051497276109423,4.605961832283801,0.016192348426625966,0.19513075832734458
0.0,1.2122257959704044,334.1380974373614,0.20622413017283323,18.199755855973475,1.2474357292314644,1.8410666726772202,0.0,30.729997904288272,2.005254781066243,4.765546473237894,8.292542153456228,1.0,1.0203216909619022,0.7758469573869553,0.11413166933854008
13.241940149180017,7.269191822263049,1236.224151685869,0.1754144262295324,5.598741667548993,8.920004797129033,1.5658755573190928,31.27424546470986,87.05432347561523,4.147720518026855,8.470359263463829,8.217957658100788,1.0,1.3181990115842508,0.5346243010006687,0.20398519877520702
76.46835271389786,2.5634849500525223,1307.528607446671,0.07036507023023174,10.872957265095947,31.98467362487748,3.1457841464709606,100.0,26.288055968238254,6.570828034048912,3.230349119082222,2.264435512219979,0.46634232154863337,3.0426117057582767,0.2933033346597439,0.2771569454318578
60.32542093610314,10.245499412047517,426.78167089771426,0.1397343292437651,6.403399671350253,21.9193343348181,2.2887808369577516,78.58804737080098,100.0,5.007052197560751,5.871943203036004,5.412173430138447,1.0,1.3049736707080033,0.5364764707219821,0.16258347398444278
38.38759210547735,0.5346631746838696,634.3691327751086,0.18382087607779451,2.9268817277466805,17.782746837933587,1.626077742086007,48.16573216776596,24.121449142064556,4.171248737667492,1.4169163472655864,1.132307227632422,0.22083395044700332,4.4091722823059145,0.11790336165685973,0.19215509272796025
80.49128939143013,6.296434140495814,591.2084240864729,0.088866031305881,12.639104072857108,35.45695156508832,2.0487015732490397,100.0,74.58722571470065,7.320448456810487,6.033070181891164,4.143649343145253,0.8602272387390568,2.4659646785684863,0.4806865297894209,0.18541586729698498
89.75232175679469,1.3897941987692939,1280.814802191566,0.2599177342388498,8.182988642597362,36.25029715806706,3.0975014854213816,100.0,24.51889511288217,5.614298291028311,3.4251401337776866,2.16059972696846,0.4531286545625843,3.698546616895644,0.31332495639131414,0.08670712598180799
24.945508693665786,0.3433095441479578,2342.503843758335,0.04429084248217747,11.559246989148475,10.762181731899567,4.0,43.61656790242537,29.787588561306563,3.4564306626284482,4.984946925798963,5.566147139539493,1.0,2.904532377457687,0.450095900000983,0.19586285516285173
73.61301605659388,0.416300171160789,1123.7909218541881,0.04007298492150344,10.414919129179406,31.76236708449966,2.5869655467615758,100.0,26.819994361119935,6.623201838445055,1.389308401508434,-0.2990501909686706,0.06349495504870947,4.247376108874924,0.1799011128284969,0.31416555108956273
16.302156406395703,5.644231858923767,1358.7132881819518,0.14373601752595633,2.7963060891675036,7.442705348959123,3.660998530118009,28.63060499314998,75.62785101458712,1.6357026882753196,7.420769279809424,8.398660211158537,1.0,1.163795500262248,0.8075854019539801,0.1147976789869995
79.20090036125097,4.542587072869651,722.1322925350521,0.20762768306924756,7.053274266159608,31.78315152930739,2.085214050549648,100.0,65.5715103296117,6.774030642510322,5.941333424026077,3.5835771792492,0.6965729172675377,3.1619702595519827,0.3905864335867092,0.19088411426695573
13.659464803596505,0.1604453886760853,441.60885817927954,0.3232687251000575,10.192430634514228,9.136100103962583,1.1051886916426288,27.422560251737224,32.650674198120434,5.20754474377431,2.08530209052424,1.6107525145148667,0.35427844752475945,3.928293706267468,0.2714632753217298,0.057527722397032466
45.441996848283644,0.6396572326311492,964.1927984466071,0.1741880499653077,10.487845898515234,22.23067183217781,2.869973089652297,70.78577998847464,15.003566181985995,4.737487252561294,3.5819139737549404,4.109447893388719,0.7947418830589319,3.7827646375109736,0.18601964366126494,0.11893065520046768
22.422892536249883,0.02934667649502842,737.3838123418277,0.044245536737175344,6.543943381784478,10.065567138149781,1.8838862600446102,38.89517347718451,12.241069159292437,5.070129595177498,1.388579877068735,0.24479116789151986,0.0681671725834867,4.742776775288192,0.17024586587452697,0.29554955675731726
4.159145929457253,0.947418376161037,488.60921192206274,0.06406862065969383,2.0302271829197016,4.02139743937915,1.9319057184066506,16.41901643646417,24.51412026795531,3.3156670712513936,1.8587069581048647,1.1606390038659073,0.33830618670082513,4.499058555285623,0.09815362308567656,0.33978287552130115
67.84964764798256,0.6662174267493972,200.28777947165804,0.26765537437301096,10.140299946692627,28.594681549644438,1.154849333470434,93.71524094100596,31.233504521352973,8.623108633116036,2.0063109975514375,-2.252418029520904,0.0,4.803668348444087,0.19654658670148328,0.16696588644860152
83.97446124759486,4.776799443816781,375.7635725546893,0.06473384532351492,1.5993790540854818,33.698600218058104,1.171203213114845,100.0,44.057833151343125,7.358469730786494,4.523119106570503,-2.22508552036048,0.0,5.0,0.16819196983021556,0.22965210052397245
33.868233667486095,1.1357565571081056,191.92363621710066,0.1511814579759378,15.701408054476119,14.30707275125004,1.1935826976340937,50.187891300824774,44.31714113125196,5.5510123097758095,3.9434039419538345,4.516092115223539,0.9232883682793385,2.8993754870198907,0.41564947159919086,0.14949538825957004
57.55347347941183,1.161951631771092,1326.8242724663226,0.37838737525145427,6.944254822348872,25.621252443359978,3.3628128824293406,83.25981200906963,35.715774644224,4.871164690958504,2.2643737738988685,2.9842338258101524,0.5950354896300011,3.2415901756532715,0.3769542336389132,0.13677853241737845
12.407153507178418,0.48830973823171087,933.7585415916124,0.10204013230062058,4.708257165971259,7.0413037062686135,2.776667535984906,28.282598482603447,22.79727444961378,4.204179276602091,3.137235594083221,2.3247076646771827,0.46245057816453006,3.7101686793961686,0.23638743573483703,0.20696001607109546
60.300709760330086,0.1237062948977574,712.5582114140607,0.06227492473121288,12.504233716825478,25.781169458245266,1.5568077923372403,85.97558616053024,24.420384760660873,5.437178116636663,3.066809698745832,0.7653517386265958,0.13196459459246285,3.566562550239094,0.3506456091112346,0.32196075522183826
28.45682379686521,2.3573077416669483,949.8008490674354,0.0713625653943931,3.595460652043654,11.26249886683989,2.0584602886630003,34.59957957068053,50.07879392832937,3.7656785004670468,3.5243500398977607,2.4503877593802983,0.47565808902996154,3.497898257160765,0.46118998622660523,0.2346586256804
75.83117373050727,1.8743845703157491,386.41378863684224,0.0075179494614064,6.754772880896782,33.78625882104877,0.7527468731039308,100.0,35.436060275792194,7.893315654925771,5.095404015387688,0.9834998386894496,0.16526112965667422,4.367070089841077,0.04651300978285336,0.28419504056006434
58.763006955879874,2.983145492117052,423.3475734459498,0.09725215305236273,6.527792033006789,27.23879799011911,1.3550658006917313,92.9740292459096,45.57011191893313,6.842823165570106,3.36621232103447,0.2283972339944772,0.16779205909323536,4.564798021739243,0.03380435386285119,0.26098267270147396
36.96866520609127,0.671405060985071,133.13331343326485,0.10823811372690302,3.73400346775983,15.151980229756598,1.2024065278057814,48.032999867567014,38.387030971830505,4.827694709081739,2.6622754569919014,1.0419002866628555,0.15705040434358886,4.228350747896123,0.22585615968763476,0.22357202864060394
82.12422539190015,6.081997368160361,379.6334866171529,0.012613747507287252,8.795565405374175,32.458102630562344,1.2640057013477688,100.0,62.99217347312164,9.026141308855788,5.53420090272278,1.3047503064669441,0.30024453916348637,3.45753596109895,0.20135729915009093,0.2759746597547744
64.07206118511553,2.9906321562650806,461.9297965016784,0.30800766046587236,7.965993235768742,28.28622499734767,0.6680599222318224,97.54601702962559,48.6112718390172,8.794100741539692,6.756345276249696,2.3124963812983284,0.46477174822536865,3.5504304478407334,0.22690424786010172,-0.025438029602581735
68.96945388776284,3.960971222403678,250.69786064026317,0.13921711132329279,3.2356423660658247,29.711121218079196,1.1172478187700636,100.0,47.661648247573446,7.389372695055718,2.372369571781419,-2.169367543094232,0.0,5.0,0.14541594834944027,0.17483447399884391
22.168557891353835,6.234796945510994,410.17645339343255,0.33298132790803586,7.225691161806207,10.203531390123603,1.92584986660468,43.211027197786606,63.53341592168264,3.8083023143734893,6.441311556274171,6.100977356839442,1.0,1.426712630485747,0.5623678249837543,0.0311696017911878
92.90682624505232,0.49878898435080055,2011.432592781412,0.18212778825882425,16.450149891926205,37.44420551608208,4.0,100.0,32.4002917491379,5.508646599085092,6.031647122963907,7.835144908868199,1.0,1.0,0.677296188798238,0.16780425962641995
26.909126385609984,4.345050392430596,1991.8767393911962,0.08966991956990512,0.537392144178601,13.216798858766873,4.0,48.63704819696385,60.61975078339726,3.54188145433937,6.365457102767381,3.2066591640331366,0.5573038853397122,3.5362353089191902,0.4842705985327135,0.23269814355454713
43.91410778977177,2.7005829535898433,557.3111999019917,0.20751777853936781,13.989492183377287,19.95115247716117,2.2933228362645486,65.32313034675141,38.68384479900509,4.458004625509247,2.7127674918909466,3.4413369631209996,0.6688483147893649,4.149404468802851,0.24018931194035575,0.16644929951783938
80.49242581128941,1.0854596218737957,1967.9004813099136,0.08260517999300251,6.039135719027339,33.84672834913709,4.0,100.0,36.850598302201306,4.565829984785061,4.996554579026791,3.8493975529993403,0.8033791920150309,2.8046736543342887,0.33714020779972026,0.2101132293198463
13.416871719073667,1.1618635210665391,51.72109230900402,0.06300349124995618,6.691966594989819,7.412818005051495,0.4840670920000155,25.025729374963888,31.000766515912975,3.4715470289775916,3.250345612956879,2.3362523920455636,0.4244986582664039,3.580870019976333,0.3086068433649925,0.16315748778469533
13.002644411024798,3.962213187845473,1744.806637710372,0.3228176475274465,4.137280410672156,5.5773903569316765,3.1959067850170113,21.858788303981715,65.23264954400288,2.3143439050552974,6.7136257832760275,9.108569741173586,1.0,1.3979871423021955,0.581002144986188,0.11099816601936677
70.08561247359272,0.8504770674756976,2151.3944539180525,0.15437625441758224,2.212056495737435,29.824834045675797,3.8378349565879923,94.4309576944822,31.55456211198847,5.29877462104482,4.049311266214597,1.5307262695015946,0.48589574153640425,3.914206157168947,0.34785637599356967,0.1666819785402912
35.25999680234331,2.303052434698556,1391.0511863344032,0.376078564894081,13.850765845405153,13.514633727786203,2.559691346670105,53.26655154275447,45.165394299191895,5.356758042344991,5.400005610021284,5.871579045170403,1.0,1.940234024213065,0.6239653608857678,0.04738511863053249
19.066852679614108,0.9025783329381697,650.8353716103485,0.24192671212744518,16.253942435730263,10.197421436570375,2.4521301012873615,27.47084529964664,25.8937567732961,4.5704918100516725,0.9019070391956794,1.0450304782179494,0.16836977242270346,4.661890193391907,0.1027539575196817,0.08139986486177311
64.43279769132701,0.667646462071568,70.59520928867161,0.1349051046593902,7.070277549011753,27.38212293162871,1.8397169849372026,93.5076900413362,31.81305867500393,5.3492878955870395,2.622599986257611,0.707300834497926,0.19415576954265037,3.5649025917359998,0.29715021276040493,0.14407096343620948
70.74919499916312,3.0089497332143305,342.6646466124421,0.1769310006919765,1.4340263644057325,28.687761725506213,1.3562824251171,99.0587842036025,41.76957310131439,7.636977721585619,5.115194500553737,-0.1145413102348507,0.009987820346842768,4.050094725203445,0.10537140932401634,0.137809131182569
56.36074809665887,3.0543180207688927,346.2100839610332,0.1276199884006252,2.801884966318232,24.922281051243758,0.8002099804174407,86.45851026666494,49.50039644707603,7.834550038912308,3.73460978459613,-0.9622595588298148,0.07211482097244444,4.59304838776748,0.12592590178713206,0.26818592299374
84.06611449214675,0.5949945937513229,551.7664752875331,0.042246842477211534,3.407753481663007,36.343534453306134,1.2996089219120737,100.0,19.348716939377457,8.012334766233057,4.448588501277226,-1.7545893493518414,0.0,5.0,0.08907284500151041,0.2065070467131904
36.99433535487674,3.2856940416847555,562.0077339693983,0.076374419215364,2.1681242414928144,17.642013861335755,2.0574509468053135,60.79456512973166,38.03296823615176,6.059086527920796,4.06745930740857,-0.6553104183257531,0.0,4.44885967222192,0.17333207518209712,0.23063658619357713
47.00831879714864,5.221172153766745,410.13156632453587,0.21295194734929615,7.560827060860391,19.52027949901671,1.8851049135916358,73.23919403553613,56.9927138382506,5.246097578290224,4.846347982005369,3.0443598509391037,0.5538864700314557,3.3127051053739085,0.2138037628405438,0.07113930597794751
50.07925498252233,2.816691671178735,254.71158878882358,0.33297284640059405,4.66578996280089,22.863575881461554,2.2392194452748377,74.43494800001801,48.76414204993731,6.342266897337403,3.4845463805719663,1.0591813964099772,0.16540162024510274,4.343092908136556,0.17159051311560972,0.007222369558933888
46.6140851068249,3.7544609107194584,891.7503987379055,0.3053965985600422,11.66790156550487,19.307141711323997,1.999585532423267,57.595829446483386,52.69310667726495,5.345740517935204,5.265859549285043,3.37682592075298,0.6564453554172708,2.461552589677744,0.541538541858125,0.044825599606280006
53.35614574828483,0.3669457540372381,1173.2388052376955,0.17914949967926377,17.281996060068327,24.992872956455308,2.6579050472926764,80.5436167158258,31.26223391455246,5.103965622259679,3.494535338565307,4.772824383005215,0.8900651021281015,3.4177903065238997,0.19178033582836151,0.1113419577964554
44.72962007044873,4.864160585010906,424.99629401994713,0.1716659407596313,10.927060722094252,18.565181155108068,1.5888968809254274,68.58024426413941,68.96768739335397,5.644249558709369,4.660539078679483,4.355860934020729,0.9302058578826297,2.6587353009971153,0.3675217126621549,0.18539518848758987
27.47915699488692,0.8806769926015879,278.50807593868296,0.1607567386110871,13.190998411656532,15.235558422017453,1.0061378294161876,54.06506817338194,15.801519512722338,6.71038385798518,3.5386721315174876,1.5115877452161568,0.31680138709490113,4.059618187889055,0.10465165703732486,0.15212134467520377
27.052377385239943,0.375118034870651,847.5096409656579,0.31688040805600814,10.696047653073,14.046727559525811,2.486347110714125,47.93578829038463,7.514944711728669,4.135912153275431,2.3670629362524784,2.1514794587544497,0.4003325254408883,3.7083619090339965,0.13952221351587563,0.058899377092177484
95.55365939963502,1.6987719014951002,608.0637050195476,0.06516091655736375,7.757725886676005,39.010892690934405,1.507214515048817,100.0,42.284947654084895,7.273026062850136,2.863275355989734,-0.6977431487321554,0.0,5.0,0.16289716249304736,0.17227092219402806
42.62759476011448,0.2833350871194768,405.671619944191,0.10513103058709981,3.0573684779979446,19.134117272225847,1.0647386457805326,67.77949312243598,33.07449876345707,7.122188762099491,1.6757820504223457,-1.3048759837520527,0.0,5.0,0.1592285108869398,0.2620172587927952
70.36685481846528,0.2452997519329876,1099.640381943073,0.17601766757761778,6.3742693835006285,29.62063193660526,2.813114663381119,97.52916908376818,16.411109112080805,6.5650358336383805,2.9335414867109146,1.1872801540296165,0.25683759704271075,4.222196585070577,0.29025500167432394,0.17180186242671833
79.24415465913499,7.881604997079334,1127.1669366745457,0.05537145105875645,3.5325401620274484,32.81434382327429,2.497652001600125,100.0,92.10427890804749,7.947795236190025,8.341921358568081,3.8400749630115465,0.8014795198992688,3.2598844420704753,0.3383295483491138,0.30243181568758526
18.901389067898226,2.509523711198673,993.523570281827,0.11131757335920468,7.170682499331681,10.163332612287148,1.9595054881176188,31.979473946220814,45.68044325128545,5.370276631457686,4.195130161189362,3.805358629782715,0.7520157044428154,1.8554116930856872,0.5982824593489652,0.2292487123733183
18.74907464462016,0.28688523524947385,117.86148273275458,0.1162367967494364,18.2989400519733,8.586638656564654,1.3396611914091843,24.08752280615932,18.128030308079456,6.082460858991105,0.5,1.585201614842271,0.3397408065703181,3.378780332010162,0.3540514167931788,0.18054101993860427
32.39590937386612,12.387470570971317,504.76275902837335,0.10073417863239591,8.29074651970754,14.580710494459073,2.0327832620033353,49.28073160669114,100.0,4.938797656420142,10.171735123047183,9.268186268590775,1.0,1.4450111004709305,0.6395820210967991,0.24235411160298412
39.47623592864935,0.4954179860403552,490.97983902385334,0.1320771229619169,4.366185079851065,17.15559361810137,1.5833247127556662,62.20600939286051,23.56951156018164,6.6019105431734895,1.9922795299186302,-1.8418511869384415,0.0,4.668399406339068,0.10110436405754418,0.24122581651233
32.731329567966434,2.2294018744160526,853.202566144358,0.14920943893949035,3.2882659901733975,17.208991023350073,2.543570683898529,58.117090453624606,31.04410404807682,5.64905399061589,4.066195964412882,1.718849723078233,0.3991723257512036,3.458607477580963,0.24277838035623972,0.17422385467668206
72.12092738742572,0.8211118843098848,559.7360186828677,0.032067391296612215,6.3724694729309945,33.06288187358015,2.475879150184298,100.0,8.512915379513604,6.005870237874728,2.182488896089273,1.0753023113605886,0.247329353467047,4.210312664498156,0.3130883114043722,0.3631655842233963
54.45223877101251,1.6443609288354466,1307.8906708046193,0.13434241390055215,4.064777498938542,22.606936471416862,3.0297841369256964,78.96146437205688,36.289253057328686,4.34595178716976,4.343413326461541,3.7562507809796983,0.664388526465838,2.7760781716705853,0.2944824107323832,0.21148806779684157
20.3837727082074,0.9405807012619287,709.6771810551818,0.056282972043639655,9.073187976600796,9.235431957169993,1.5547106693102022,40.74956995801344,28.05776128898887,6.152366961310698,3.632486142336893,1.489910242202272,0.23997972067123366,3.197814864234987,0.23206152711916544,0.2769411639892959
53.898711735628474,0.7782710655783994,748.9864047577612,0.0848258982698116,7.656812226923837,25.23304261575454,1.5778720563288866,85.75094875655911,21.247718797320232,7.388811440841524,3.347499334167822,-0.1951396423198049,0.1210780509704478,3.7659635862646903,0.1486326514949103,0.19765056780169138
75.45263080995687,1.1824188186188358,1031.6131645190965,0.11766082411325036,13.361898103168073,34.7881582405064,2.1640976000951175,100.0,22.846176466684675,6.94219623912144,5.2963493425963755,4.437906944154623,0.8707326098388668,2.6827869918594915,0.3045203769606286,0.20551577941928656
59.69860008307308,1.52363126882752,901.1671283921092,0.16613001171332512,6.42909077915628,27.44355930069884,2.6935470055397475,85.35994232650414,21.37375673235741,6.6282307177066055,2.8442684896147052,0.11946691823668211,0.0168151509957417,4.550265883895743,0.16854914226981194,0.18392006082888687
76.00038134201036,3.287207002128189,1254.860634477295,0.18997533059946442,13.297831093768673,32.592709124612995,3.5221729415999774,100.0,51.849341013821565,6.992326971426878,4.272901129769294,3.099134863287988,0.6094614412628641,2.6339305614817423,0.4714600594391614,0.13986127274278942
55.300878566756,1.225304714542141,244.91373896141178,0.12110412926309051,4.0055642322213805,26.38582894456178,1.1953633539962807,73.4989924312782,28.615722500229325,6.149427120897421,1.6757777577689175,-3.294387495867012,0.0,5.0,0.03268820964401159,0.1874535426810746
69.46257602304934,0.7900135064451091,172.04237067589,0.17266430422037726,6.74629987644355,27.70103531602798,0.6362519255952959,94.78637521903286,32.611844049197096,9.570132757864169,4.02078979067706,-0.2526342146578475,0.07043548930259533,3.657081537972259,0.2024199450861801,0.19677506546683926
65.14646122880751,1.0141396180060724,1386.5495383734935,0.2083823644555341,10.665991949558977,24.301312787207866,3.4038362918030947,95.81804907450402,36.12887672317129,4.854055409543164,3.518135046335844,3.237128693593552,0.7284278808155609,3.5557696441003515,0.373744521787298,0.14290725427890183
27.689204325268605,0.782252155379411,1011.5969678395237,0.10096153977368134,10.276898169959685,16.407278399940104,2.901092736231615,50.23874780976417,30.26664002089576,3.6917479852333055,3.5323569261516967,6.288621523016667,1.0,1.7751941390530754,0.4655162666608287,0.21204857924313866
35.53231040687212,0.7826898883030956,1553.6022808738173,0.19291946586636052,7.251808635111276,15.692487425235674,3.4831521573610082,47.94312215196985,31.896163342103318,6.198010393400007,1.8671440655895828,0.09812929370481721,0.057656819001286136,4.04275570516975,0.27276206964785454,0.0955014953739175
16.094653875136235,2.6437894474179098,1248.8369341280581,0.2636906389832379,7.0379972943112445,5.566043690069167,2.8166695026733195,23.579992951163522,30.63668412920366,2.453525172712519,3.1290054897323554,5.672717828836247,1.0,2.5618022530924813,0.3530585739893566,0.02191827539750775
72.51354879703717,2.719971735566065,430.0921947938921,0.30026803739718455,11.31597444382859,30.20282233336512,0.9389179887246438,97.28642573307883,37.29180077036489,9.074167967501488,5.979725322282162,3.069601709273519,0.6854599375540904,2.480233902832197,0.686668787409452,0.08200308496096483
30.118911479966833,1.5870731853425633,358.8559098328006,0.04551419273571001,6.9775193058490315,14.325250747001713,1.6557173003926369,53.26542027127575,12.13521241016231,4.758971614387218,3.1376111072907014,2.244299531145682,0.4454349667667552,3.9219968880539446,0.3146826577707577,0.23698376381845995
39.3976035297931,0.35792996422836076,234.45077669810837,0.31916218653509004,2.4054423218477057,17.19892406065096,1.4930084080133004,58.613672238956525,21.873023026325026,5.738990923131903,1.354762960940604,-1.5283472335031287,0.0,4.658241131553907,0.1299086374700261,0.04513664919219901
